Datetime,y_true_full,y_true,CatBoost,LSTM_att,Hybrid,SARIMAX
2023-11-01 15:00:00+00:00,-0.000900352257416,,,,,
2023-11-01 16:00:00+00:00,-0.0001496180068062,,,,,
2023-11-01 17:00:00+00:00,-0.0004396323995697,,,,,
2023-11-01 18:00:00+00:00,0.0055389398085769,,,,,
2023-11-02 10:00:00+00:00,-0.0015674446572458,,,,,
2023-11-02 11:00:00+00:00,-0.0003914684778063,,,,,
2023-11-02 12:00:00+00:00,0.0009318159902937,,,,,
2023-11-02 13:00:00+00:00,-0.0002049250323096,,,,,
2023-11-02 14:00:00+00:00,0.0014273925207816,,,,,
2023-11-02 15:00:00+00:00,0.0001178239773157,,,,,
2023-11-02 16:00:00+00:00,-0.0058926773463417,,,,,
2023-11-02 17:00:00+00:00,-0.0028640114773146,,,,,
2023-11-02 18:00:00+00:00,0.0013783728945725,,,,,
2023-11-03 10:00:00+00:00,-0.0023672202796009,,,,,
2023-11-03 11:00:00+00:00,0.0019860917597017,,,,,
2023-11-03 12:00:00+00:00,-0.0037157948199784,,,,,
2023-11-03 13:00:00+00:00,0.0033845323946084,,,,,
2023-11-03 14:00:00+00:00,0.0006405499574562,,,,,
2023-11-03 15:00:00+00:00,0.0005964360780179,,,,,
2023-11-03 16:00:00+00:00,9.05272589120004e-05,,,,,
2023-11-03 17:00:00+00:00,0.0015688772959568,,,,,
2023-11-03 18:00:00+00:00,0.0016410981911381,,,,,
2023-11-06 10:00:00+00:00,0.001448901606923,,,,,
2023-11-06 11:00:00+00:00,-0.0003418261629735,,,,,
2023-11-06 12:00:00+00:00,-0.0002921986100945,,,,,
2023-11-06 13:00:00+00:00,0.0024654645789772,,,,,
2023-11-06 14:00:00+00:00,-0.0008252847855891,,,,,
2023-11-06 15:00:00+00:00,0.0012686715858176,,,,,
2023-11-06 16:00:00+00:00,0.0011153488634909,,,,,
2023-11-06 17:00:00+00:00,0.0017387004349252,,,,,
2023-11-06 18:00:00+00:00,-0.0013764797394948,,,,,
2023-11-07 10:00:00+00:00,0.0011631721259227,,,,,
2023-11-07 11:00:00+00:00,-0.0010919817768278,,,,,
2023-11-07 12:00:00+00:00,0.0012032783823964,,,,,
2023-11-07 13:00:00+00:00,-4.018901202036521e-05,,,,,
2023-11-07 14:00:00+00:00,0.0002040198091762,,,,,
2023-11-07 15:00:00+00:00,0.0014917884921469,,,,,
2023-11-07 16:00:00+00:00,0.0017145046322389,,,,,
2023-11-07 17:00:00+00:00,0.0001971645282756,,,,,
2023-11-07 18:00:00+00:00,-0.0005053119484387,,,,,
2023-11-08 10:00:00+00:00,0.0031724518930965,,,,,
2023-11-08 11:00:00+00:00,-0.0011773404841872,,,,,
2023-11-08 12:00:00+00:00,-0.0018256185772799,,,,,
2023-11-08 13:00:00+00:00,0.0001910302080027,,,,,
2023-11-08 14:00:00+00:00,0.0001078235207271,,,,,
2023-11-08 15:00:00+00:00,-0.0013008192062124,,,,,
2023-11-08 16:00:00+00:00,0.0019259664672243,,,,,
2023-11-08 17:00:00+00:00,-0.0008685368472957,,,,,
2023-11-08 18:00:00+00:00,-0.0034909867155077,,,,,
2023-11-09 10:00:00+00:00,-0.0016091502209665,,,,,
2023-11-09 11:00:00+00:00,-0.0001486675672051,,,,,
2023-11-09 12:00:00+00:00,-0.0005979907071357,,,,,
2023-11-09 13:00:00+00:00,0.0018516803556726,,,,,
2023-11-09 14:00:00+00:00,0.0010080022621399,,,,,
2023-11-09 15:00:00+00:00,-0.0002225388602212,,,,,
2023-11-09 16:00:00+00:00,-0.0005967721914306,,,,,
2023-11-09 17:00:00+00:00,0.0021072088526181,,,,,
2023-11-09 18:00:00+00:00,0.0001604849116765,,,,,
2023-11-10 10:00:00+00:00,0.0006663540807783,,,,,
2023-11-10 11:00:00+00:00,-0.0013949155745736,,,,,
2023-11-10 12:00:00+00:00,-0.0012793534521453,,,,,
2023-11-10 13:00:00+00:00,7.730209507994422e-05,,,,,
2023-11-10 14:00:00+00:00,0.0004235094155035,,,,,
2023-11-10 15:00:00+00:00,-1.545339487923209e-05,,,,,
2023-11-10 16:00:00+00:00,0.0008742866085144,,,,,
2023-11-10 17:00:00+00:00,0.001148077405285,,,,,
2023-11-10 18:00:00+00:00,0.0008293753491149,,,,,
2023-11-13 10:00:00+00:00,0.0012135325754988,,,,,
2023-11-13 11:00:00+00:00,-0.000578862305441,,,,,
2023-11-13 12:00:00+00:00,2.1559390732544408e-05,,,,,
2023-11-13 13:00:00+00:00,0.0003664385448127,,,,,
2023-11-13 14:00:00+00:00,-0.0004064777832718,,,,,
2023-11-13 15:00:00+00:00,0.0003017947572208,,,,,
2023-11-13 16:00:00+00:00,0.0002370605731651,,,,,
2023-11-13 17:00:00+00:00,-7.080441514666884e-05,,,,,
2023-11-13 18:00:00+00:00,-0.0090051973698385,,,,,
2023-11-14 10:00:00+00:00,0.0012262797919944,,,,,
2023-11-14 11:00:00+00:00,-0.0017296448914574,,,,,
2023-11-14 12:00:00+00:00,-0.0015396318189945,,,,,
2023-11-14 13:00:00+00:00,-0.0044486806900783,,,,,
2023-11-14 14:00:00+00:00,0.0026198174867846,,,,,
2023-11-14 15:00:00+00:00,0.0011625099678422,,,,,
2023-11-14 16:00:00+00:00,-0.0002866061490407,,,,,
2023-11-14 17:00:00+00:00,0.0008938151394434,,,,,
2023-11-14 18:00:00+00:00,-0.0089680249579022,,,,,
2023-11-15 10:00:00+00:00,0.0013246199148226,,,,,
2023-11-15 11:00:00+00:00,0.0006804609209208,,,,,
2023-11-15 12:00:00+00:00,-2.507789822265181e-05,,,,,
2023-11-15 13:00:00+00:00,0.0020699435103338,,,,,
2023-11-15 14:00:00+00:00,0.0005379219454869,,,,,
2023-11-15 15:00:00+00:00,0.0047691992598999,,,,,
2023-11-15 16:00:00+00:00,0.0014800905681448,,,,,
2023-11-15 17:00:00+00:00,-0.0010227699301919,,,,,
2023-11-15 18:00:00+00:00,-0.0028375175358883,,,,,
2023-11-16 10:00:00+00:00,-0.0005147924953986,,,,,
2023-11-16 11:00:00+00:00,-0.0005806294685852,,,,,
2023-11-16 12:00:00+00:00,-0.0010716155706787,,,,,
2023-11-16 13:00:00+00:00,0.0023791173523204,,,,,
2023-11-16 14:00:00+00:00,-0.0017697489984299,,,,,
2023-11-16 15:00:00+00:00,0.0011271335940999,,,,,
2023-11-16 16:00:00+00:00,-0.002781104046488,,,,,
2023-11-16 17:00:00+00:00,-0.0020799406070054,,,,,
2023-11-16 18:00:00+00:00,-0.0036943997787178,,,,,
2023-11-17 10:00:00+00:00,-0.005684424842836,,,,,
2023-11-17 11:00:00+00:00,0.0031223854078896,,,,,
2023-11-17 12:00:00+00:00,1.5776777530389844e-05,,,,,
2023-11-17 13:00:00+00:00,0.0053968030313751,,,,,
2023-11-17 14:00:00+00:00,0.0016807411758865,,,,,
2023-11-17 15:00:00+00:00,0.0014182778601058,,,,,
2023-11-17 16:00:00+00:00,0.0029709162801644,,,,,
2023-11-17 17:00:00+00:00,0.0001715498598279,,,,,
2023-11-17 18:00:00+00:00,-0.0005365811177322,,,,,
2023-11-20 10:00:00+00:00,0.0004430121152031,,,,,
2023-11-20 11:00:00+00:00,-0.0005210275279676,,,,,
2023-11-20 12:00:00+00:00,-0.0011553402981297,,,,,
2023-11-20 13:00:00+00:00,0.0003280025145026,,,,,
2023-11-20 14:00:00+00:00,0.0014263400883534,,,,,
2023-11-20 15:00:00+00:00,-0.000296336503183,,,,,
2023-11-20 16:00:00+00:00,0.0003181683511719,,,,,
2023-11-20 17:00:00+00:00,0.0003118315137248,,,,,
2023-11-20 18:00:00+00:00,-0.0013072243938234,,,,,
2023-11-21 10:00:00+00:00,-0.0016309649427351,,,,,
2023-11-21 11:00:00+00:00,-0.0007413745172237,,,,,
2023-11-21 12:00:00+00:00,0.0004505209224279,,,,,
2023-11-21 13:00:00+00:00,0.0021153580639008,,,,,
2023-11-21 14:00:00+00:00,0.0003713661166422,,,,,
2023-11-21 15:00:00+00:00,0.001287790028131,,,,,
2023-11-21 16:00:00+00:00,0.0021851332536253,,,,,
2023-11-21 17:00:00+00:00,0.0007304250310371,,,,,
2023-11-21 18:00:00+00:00,0.0054813333926204,,,,,
2023-11-22 10:00:00+00:00,-0.0014255390316815,,,,,
2023-11-22 11:00:00+00:00,0.0005723151230387,,,,,
2023-11-22 12:00:00+00:00,-0.0002072330528669,,,,,
2023-11-22 13:00:00+00:00,-0.0008448416424523,,,,,
2023-11-22 14:00:00+00:00,-0.0009788040169025,,,,,
2023-11-22 15:00:00+00:00,9.606430738044126e-05,,,,,
2023-11-22 16:00:00+00:00,0.0014212926864372,,,,,
2023-11-22 17:00:00+00:00,-0.0003404308029907,,,,,
2023-11-22 18:00:00+00:00,1.857194151136489e-05,,,,,
2023-11-23 10:00:00+00:00,0.00070547831569,,,,,
2023-11-23 11:00:00+00:00,-0.0007704816200475,,,,,
2023-11-23 12:00:00+00:00,-0.0017752941410419,,,,,
2023-11-23 13:00:00+00:00,-0.0003442698489285,,,,,
2023-11-23 14:00:00+00:00,0.0001364815069676,,,,,
2023-11-23 15:00:00+00:00,-2.7915156535908763e-05,,,,,
2023-11-23 16:00:00+00:00,-0.0015986667732971,,,,,
2023-11-23 17:00:00+00:00,0.0006801337547951,,,,,
2023-11-23 18:00:00+00:00,0.0004159269021882,,,,,
2023-11-24 10:00:00+00:00,0.0016619798124606,,,,,
2023-11-24 11:00:00+00:00,-0.0013268810017182,,,,,
2023-11-24 12:00:00+00:00,-0.0004964827403568,,,,,
2023-11-24 13:00:00+00:00,-0.002140799500196,,,,,
2023-11-24 14:00:00+00:00,-0.0029624113434058,,,,,
2023-11-24 15:00:00+00:00,0.0019011886593757,,,,,
2023-11-24 16:00:00+00:00,0.0019783815458172,,,,,
2023-11-24 17:00:00+00:00,-5.2830388051366384e-05,,,,,
2023-11-24 18:00:00+00:00,5.90455443314415e-05,,,,,
2023-11-27 10:00:00+00:00,0.0008014314366413,,,,,
2023-11-27 11:00:00+00:00,-0.0020794584118451,,,,,
2023-11-27 12:00:00+00:00,-0.0010273365804141,,,,,
2023-11-27 13:00:00+00:00,-3.114789331477827e-05,,,,,
2023-11-27 14:00:00+00:00,-0.0018612893161519,,,,,
2023-11-27 15:00:00+00:00,-0.0039867536416485,,,,,
2023-11-27 16:00:00+00:00,-0.0016995874282873,,,,,
2023-11-27 17:00:00+00:00,0.0014896472291385,,,,,
2023-11-27 18:00:00+00:00,-0.008481361274064,,,,,
2023-11-28 10:00:00+00:00,0.00206480528753,,,,,
2023-11-28 11:00:00+00:00,0.0013678728561451,,,,,
2023-11-28 12:00:00+00:00,-0.0010745996890107,,,,,
2023-11-28 13:00:00+00:00,0.0001071966807887,,,,,
2023-11-28 14:00:00+00:00,0.002512674894833,,,,,
2023-11-28 15:00:00+00:00,0.0012414104643907,,,,,
2023-11-28 16:00:00+00:00,0.0029073480361892,,,,,
2023-11-28 17:00:00+00:00,0.0010172988621229,,,,,
2023-11-28 18:00:00+00:00,-0.0035666527919707,,,,,
2023-11-29 10:00:00+00:00,-0.0013352793738542,,,,,
2023-11-29 11:00:00+00:00,-0.0009436247841795,,,,,
2023-11-29 12:00:00+00:00,0.0013051116622132,,,,,
2023-11-29 13:00:00+00:00,-8.485909466722134e-05,,,,,
2023-11-29 14:00:00+00:00,0.001742880149512,,,,,
2023-11-29 15:00:00+00:00,-0.0008946130767558,,,,,
2023-11-29 16:00:00+00:00,-0.0008294088738394,,,,,
2023-11-29 17:00:00+00:00,-0.002564834243449,,,,,
2023-11-29 18:00:00+00:00,-0.0054314216795717,,,,,
2023-11-30 10:00:00+00:00,0.0010133221046126,,,,,
2023-11-30 11:00:00+00:00,-0.0006363730120333,,,,,
2023-11-30 12:00:00+00:00,0.0045943097568768,,,,,
2023-11-30 13:00:00+00:00,-0.0018743556475323,,,,,
2023-11-30 14:00:00+00:00,-0.0003064156188534,,,,,
2023-11-30 15:00:00+00:00,-0.0046678447402505,,,,,
2023-11-30 16:00:00+00:00,0.0038460611075495,,,,,
2023-11-30 17:00:00+00:00,0.0010239652999352,,,,,
2023-11-30 18:00:00+00:00,-0.0050033512759447,,,,,
2023-12-01 10:00:00+00:00,0.0024066331926134,,,,,
2023-12-01 11:00:00+00:00,0.0001741688587316,,,,,
2023-12-01 12:00:00+00:00,-9.816417173941332e-05,,,,,
2023-12-01 13:00:00+00:00,-0.0024953364132426,,,,,
2023-12-01 14:00:00+00:00,-0.0016967035920118,,,,,
2023-12-01 15:00:00+00:00,0.0005372831722771,,,,,
2023-12-01 16:00:00+00:00,-0.0017368792082317,,,,,
2023-12-01 17:00:00+00:00,0.000461553405943,,,,,
2023-12-01 18:00:00+00:00,-0.0080102544926094,,,,,
2023-12-04 10:00:00+00:00,-0.0005968635958841,,,,,
2023-12-04 11:00:00+00:00,0.0024909886904532,,,,,
2023-12-04 12:00:00+00:00,-0.0017273237033154,,,,,
2023-12-04 13:00:00+00:00,0.0013077847096598,,,,,
2023-12-04 14:00:00+00:00,-5.766033579139925e-05,,,,,
2023-12-04 15:00:00+00:00,-0.0009679084639977,,,,,
2023-12-04 16:00:00+00:00,-0.0014728890054136,,,,,
2023-12-04 17:00:00+00:00,0.0001220209235285,,,,,
2023-12-04 18:00:00+00:00,-0.0015777866384904,,,,,
2023-12-05 10:00:00+00:00,-0.0035502728987763,,,,,
2023-12-05 11:00:00+00:00,0.0011353960913165,,,,,
2023-12-05 12:00:00+00:00,0.0048592257514423,,,,,
2023-12-05 13:00:00+00:00,0.0029023226123845,,,,,
2023-12-05 14:00:00+00:00,-0.0021038246439678,,,,,
2023-12-05 15:00:00+00:00,0.0010156399804863,,,,,
2023-12-05 16:00:00+00:00,0.0024818908363026,,,,,
2023-12-05 17:00:00+00:00,-0.0003833951604986,,,,,
2023-12-05 18:00:00+00:00,-0.0029154119745046,,,,,
2023-12-06 10:00:00+00:00,-0.0017867257799442,,,,,
2023-12-06 11:00:00+00:00,-0.0039021018860182,,,,,
2023-12-06 12:00:00+00:00,-0.0016645487304304,,,,,
2023-12-06 13:00:00+00:00,-0.000665303787382,,,,,
2023-12-06 14:00:00+00:00,-0.0001421611075451,,,,,
2023-12-06 15:00:00+00:00,-0.0033693114111716,,,,,
2023-12-06 16:00:00+00:00,0.0013995939575104,,,,,
2023-12-06 17:00:00+00:00,-0.0030057072660494,,,,,
2023-12-06 18:00:00+00:00,-0.0069570881733273,,,,,
2023-12-07 10:00:00+00:00,-0.0012695464386059,,,,,
2023-12-07 11:00:00+00:00,0.0004484517850375,,,,,
2023-12-07 12:00:00+00:00,0.0027517706139807,,,,,
2023-12-07 13:00:00+00:00,-0.0046812138853361,,,,,
2023-12-07 14:00:00+00:00,0.0054152642284737,,,,,
2023-12-07 15:00:00+00:00,0.0020362060638017,,,,,
2023-12-07 16:00:00+00:00,0.0013660049088645,,,,,
2023-12-07 17:00:00+00:00,-0.0010178217219438,,,,,
2023-12-07 18:00:00+00:00,0.0045931125753673,,,,,
2023-12-08 10:00:00+00:00,0.0013431052990703,,,,,
2023-12-08 11:00:00+00:00,0.0003266034723376,,,,,
2023-12-08 12:00:00+00:00,-0.0026676869764828,,,,,
2023-12-08 13:00:00+00:00,-0.0012261542143653,,,,,
2023-12-08 14:00:00+00:00,-0.0027497100229264,,,,,
2023-12-08 15:00:00+00:00,0.0003709693732484,,,,,
2023-12-08 16:00:00+00:00,-6.832612386934288e-05,,,,,
2023-12-08 17:00:00+00:00,0.0021451633186797,,,,,
2023-12-08 18:00:00+00:00,-0.0075740901848031,,,,,
2023-12-11 10:00:00+00:00,0.000807721468316,,,,,
2023-12-11 11:00:00+00:00,-0.0001601843758276,,,,,
2023-12-11 12:00:00+00:00,-0.0007424135977016,,,,,
2023-12-11 13:00:00+00:00,-0.0035069240263951,,,,,
2023-12-11 14:00:00+00:00,-0.004128994823132,,,,,
2023-12-11 15:00:00+00:00,-8.242433039024166e-05,,,,,
2023-12-11 16:00:00+00:00,0.0015155212009651,,,,,
2023-12-11 17:00:00+00:00,-0.0037567679945763,,,,,
2023-12-11 18:00:00+00:00,-0.0014484225311489,,,,,
2023-12-12 10:00:00+00:00,-0.0053322310791987,,,,,
2023-12-12 11:00:00+00:00,0.0018547392561856,,,,,
2023-12-12 12:00:00+00:00,0.0038513724601862,,,,,
2023-12-12 13:00:00+00:00,0.0061998932238529,,,,,
2023-12-12 14:00:00+00:00,0.0010317782000933,,,,,
2023-12-12 15:00:00+00:00,-0.0037873037482965,,,,,
2023-12-12 16:00:00+00:00,-0.000303341040082,,,,,
2023-12-12 17:00:00+00:00,-0.0041438714226578,,,,,
2023-12-12 18:00:00+00:00,-0.0009640758291597,,,,,
2023-12-13 10:00:00+00:00,0.0034280151101451,,,,,
2023-12-13 11:00:00+00:00,0.0030870533285793,,,,,
2023-12-13 12:00:00+00:00,0.0008985983458884,,,,,
2023-12-13 13:00:00+00:00,0.0001677805434432,,,,,
2023-12-13 14:00:00+00:00,-0.0027175585723347,,,,,
2023-12-13 15:00:00+00:00,-0.0018257307579726,,,,,
2023-12-13 16:00:00+00:00,0.0021489305708237,,,,,
2023-12-13 17:00:00+00:00,-0.000148395107191,,,,,
2023-12-13 18:00:00+00:00,0.0029637261873842,,,,,
2023-12-14 10:00:00+00:00,0.0015573717084218,,,,,
2023-12-14 11:00:00+00:00,-0.0011037093634911,,,,,
2023-12-14 12:00:00+00:00,-0.001213514555704,,,,,
2023-12-14 13:00:00+00:00,-0.0024776382870411,,,,,
2023-12-14 14:00:00+00:00,-0.0010297608366495,,,,,
2023-12-14 15:00:00+00:00,-0.003562825377947,,,,,
2023-12-14 16:00:00+00:00,-0.0012335691500725,,,,,
2023-12-14 17:00:00+00:00,-0.0016404824172437,,,,,
2023-12-14 18:00:00+00:00,-0.0117173888478227,,,,,
2023-12-15 10:00:00+00:00,0.000430334558135,,,,,
2023-12-15 11:00:00+00:00,-0.0004942281316402,,,,,
2023-12-15 12:00:00+00:00,0.0071375020274469,,,,,
2023-12-15 13:00:00+00:00,0.0044410239020703,,,,,
2023-12-15 14:00:00+00:00,0.00084399406904,,,,,
2023-12-15 15:00:00+00:00,0.0073233975073214,,,,,
2023-12-15 16:00:00+00:00,0.0007943034689667,,,,,
2023-12-15 17:00:00+00:00,-0.0004679364746296,,,,,
2023-12-15 18:00:00+00:00,0.0087457464823008,,,,,
2023-12-18 10:00:00+00:00,0.0037309338641441,,,,,
2023-12-18 11:00:00+00:00,-0.0021572872180438,,,,,
2023-12-18 12:00:00+00:00,-0.0006983673500146,,,,,
2023-12-18 13:00:00+00:00,0.0039097931352195,,,,,
2023-12-18 14:00:00+00:00,-0.0007904997313081,,,,,
2023-12-18 15:00:00+00:00,0.0027818689598674,,,,,
2023-12-18 16:00:00+00:00,0.0008337023841158,,,,,
2023-12-18 17:00:00+00:00,-0.0024869415984641,,,,,
2023-12-18 18:00:00+00:00,0.0026749962386181,,,,,
2023-12-19 10:00:00+00:00,0.0016067486887114,,,,,
2023-12-19 11:00:00+00:00,-0.0017980459603906,,,,,
2023-12-19 12:00:00+00:00,0.0005802635985824,,,,,
2023-12-19 13:00:00+00:00,-0.0028299395131829,,,,,
2023-12-19 14:00:00+00:00,-0.002779307353217,,,,,
2023-12-19 15:00:00+00:00,0.0030100264667192,,,,,
2023-12-19 16:00:00+00:00,0.0015713727743216,,,,,
2023-12-19 17:00:00+00:00,0.0003600290008189,,,,,
2023-12-19 18:00:00+00:00,0.0040422271401026,,,,,
2023-12-20 10:00:00+00:00,0.0031409248653408,,,,,
2023-12-20 11:00:00+00:00,-0.0006215971381227,,,,,
2023-12-20 12:00:00+00:00,0.0018218283186361,,,,,
2023-12-20 13:00:00+00:00,0.0002829545619578,,,,,
2023-12-20 14:00:00+00:00,0.0001543051129488,,,,,
2023-12-20 15:00:00+00:00,-0.0008135846568731,,,,,
2023-12-20 16:00:00+00:00,0.0006174844779863,,,,,
2023-12-20 17:00:00+00:00,-0.001831051467258,,,,,
2023-12-20 18:00:00+00:00,-0.00786422808125,,,,,
2023-12-21 10:00:00+00:00,0.0010804655813197,,,,,
2023-12-21 11:00:00+00:00,-0.0003243415085014,,,,,
2023-12-21 12:00:00+00:00,-0.0007723561789505,,,,,
2023-12-21 13:00:00+00:00,-0.0010719019813839,,,,,
2023-12-21 14:00:00+00:00,-0.0078369591116724,,,,,
2023-12-21 15:00:00+00:00,0.003492128284416,,,,,
2023-12-21 16:00:00+00:00,0.0016078982889233,,,,,
2023-12-21 17:00:00+00:00,0.0016248385655972,,,,,
2023-12-21 18:00:00+00:00,0.0083107144849013,,,,,
2023-12-22 10:00:00+00:00,-0.0008780255320588,,,,,
2023-12-22 11:00:00+00:00,0.0002486369380739,,,,,
2023-12-22 12:00:00+00:00,0.0008261929436737,,,,,
2023-12-22 13:00:00+00:00,-0.001669225779826,,,,,
2023-12-22 14:00:00+00:00,-0.0017270435309596,,,,,
2023-12-22 15:00:00+00:00,0.0023860263954107,,,,,
2023-12-22 16:00:00+00:00,0.0002647629579802,,,,,
2023-12-22 17:00:00+00:00,-0.0015960973324282,,,,,
2023-12-22 18:00:00+00:00,0.0045940010466846,,,,,
2023-12-25 10:00:00+00:00,-0.0004507230962425,,,,,
2023-12-25 11:00:00+00:00,-0.0007409149671957,,,,,
2023-12-25 12:00:00+00:00,-0.0009865908286418,,,,,
2023-12-25 13:00:00+00:00,-0.001472022165358,,,,,
2023-12-25 14:00:00+00:00,-0.0025002964538168,,,,,
2023-12-25 15:00:00+00:00,0.0013980901520994,,,,,
2023-12-25 16:00:00+00:00,0.0014155153157904,,,,,
2023-12-25 17:00:00+00:00,0.0008231794883038,,,,,
2023-12-25 18:00:00+00:00,-0.0038019663403031,,,,,
2023-12-26 10:00:00+00:00,9.71688244306511e-05,,,,,
2023-12-26 11:00:00+00:00,-0.0016304465945533,,,,,
2023-12-26 12:00:00+00:00,0.0009597894388241,,,,,
2023-12-26 13:00:00+00:00,0.0011984428157729,,,,,
2023-12-26 14:00:00+00:00,0.001979142047917,,,,,
2023-12-26 15:00:00+00:00,-0.0002261741679969,,,,,
2023-12-26 16:00:00+00:00,0.0011045371110545,,,,,
2023-12-26 17:00:00+00:00,-0.001068992068211,,,,,
2023-12-26 18:00:00+00:00,0.0047001869244378,,,,,
2023-12-27 10:00:00+00:00,-0.0001061388457915,,,,,
2023-12-27 11:00:00+00:00,-0.0001318851700254,,,,,
2023-12-27 12:00:00+00:00,-0.0010363862592624,,,,,
2023-12-27 13:00:00+00:00,0.0010203015119455,,,,,
2023-12-27 14:00:00+00:00,-3.2169805100388963e-06,,,,,
2023-12-27 15:00:00+00:00,-0.0011426825310501,,,,,
2023-12-27 16:00:00+00:00,-0.0009827852277696,,,,,
2023-12-27 17:00:00+00:00,-0.0014227208624945,,,,,
2023-12-27 18:00:00+00:00,-0.00226245171636,,,,,
2023-12-28 10:00:00+00:00,-0.0022092083048732,,,,,
2023-12-28 11:00:00+00:00,-0.0001978358066559,,,,,
2023-12-28 12:00:00+00:00,0.0017532123754564,,,,,
2023-12-28 13:00:00+00:00,-2.914106705073199e-05,,,,,
2023-12-28 14:00:00+00:00,0.0,,,,,
2023-12-28 15:00:00+00:00,0.0011132326964378,,,,,
2023-12-28 16:00:00+00:00,0.0008987427905398,,,,,
2023-12-28 17:00:00+00:00,0.0023851839490877,,,,,
2023-12-28 18:00:00+00:00,-0.0044813495114004,,,,,
2023-12-29 10:00:00+00:00,0.001452903068032,,,,,
2023-12-29 11:00:00+00:00,0.000614179152732,,,,,
2023-12-29 12:00:00+00:00,0.0014886264924823,,,,,
2023-12-29 13:00:00+00:00,4.517309362266838e-05,,,,,
2023-12-29 14:00:00+00:00,-0.0011493215103501,,,,,
2023-12-29 15:00:00+00:00,0.0001001338887833,,,,,
2023-12-29 16:00:00+00:00,0.00076520855666,,,,,
2023-12-29 17:00:00+00:00,0.0002355792436538,,,,,
2023-12-29 18:00:00+00:00,0.0067052077296484,,,,,
2024-01-03 10:00:00+00:00,0.0010507433052845,,,,,
2024-01-03 11:00:00+00:00,-0.0001953290740726,,,,,
2024-01-03 12:00:00+00:00,0.0005314619169357,,,,,
2024-01-03 13:00:00+00:00,7.361401614186469e-05,,,,,
2024-01-03 14:00:00+00:00,0.0009596868318979,,,,,
2024-01-03 15:00:00+00:00,6.394822751609077e-06,,,,,
2024-01-03 16:00:00+00:00,0.0012589832019777,,,,,
2024-01-03 17:00:00+00:00,-0.0003992519668283,,,,,
2024-01-03 18:00:00+00:00,0.0029602525070552,,,,,
2024-01-04 10:00:00+00:00,0.0009391958945512,,,,,
2024-01-04 11:00:00+00:00,-0.00167843788657,,,,,
2024-01-04 12:00:00+00:00,0.0002677196990758,,,,,
2024-01-04 13:00:00+00:00,0.0008090976136606,,,,,
2024-01-04 14:00:00+00:00,-0.0005924246265176,,,,,
2024-01-04 15:00:00+00:00,-0.0007904458462156,,,,,
2024-01-04 16:00:00+00:00,-0.0002710627750144,,,,,
2024-01-04 17:00:00+00:00,0.0002200448071128,,,,,
2024-01-04 18:00:00+00:00,0.0001339166147879,,,,,
2024-01-05 10:00:00+00:00,-0.0009952376153628,,,,,
2024-01-05 11:00:00+00:00,-0.0007949874705323,,,,,
2024-01-05 12:00:00+00:00,-7.665870271681563e-05,,,,,
2024-01-05 13:00:00+00:00,0.0001277612399688,,,,,
2024-01-05 14:00:00+00:00,0.000475767023632,,,,,
2024-01-05 15:00:00+00:00,0.0002202449835339,,,,,
2024-01-05 16:00:00+00:00,0.0006700125000592,,,,,
2024-01-05 17:00:00+00:00,0.0003348379814084,,,,,
2024-01-05 18:00:00+00:00,0.0049425380660946,,,,,
2024-01-08 10:00:00+00:00,-0.0003744462681628,,,,,
2024-01-08 11:00:00+00:00,-0.0006159199625779,,,,,
2024-01-08 12:00:00+00:00,0.0010220925216863,,,,,
2024-01-08 13:00:00+00:00,0.001429810357829,,,,,
2024-01-08 14:00:00+00:00,0.0001013723279755,,,,,
2024-01-08 15:00:00+00:00,-0.0002851358691725,,,,,
2024-01-08 16:00:00+00:00,-0.0004817474848968,,,,,
2024-01-08 17:00:00+00:00,0.001317915603398,,,,,
2024-01-08 18:00:00+00:00,-0.0031678259359544,,,,,
2024-01-09 10:00:00+00:00,0.0013964753966631,,,,,
2024-01-09 11:00:00+00:00,-0.0006345198008568,,,,,
2024-01-09 12:00:00+00:00,-0.00028566531646,,,,,
2024-01-09 13:00:00+00:00,-3.174562862971353e-05,,,,,
2024-01-09 14:00:00+00:00,-0.0006255944542004,,,,,
2024-01-09 15:00:00+00:00,0.0008382709248901,,,,,
2024-01-09 16:00:00+00:00,0.0011356247949194,,,,,
2024-01-09 17:00:00+00:00,0.0004152277710739,,,,,
2024-01-09 18:00:00+00:00,0.0039092571917134,,,,,
2024-01-10 10:00:00+00:00,0.0005585719637971,,,,,
2024-01-10 11:00:00+00:00,-0.000217711287297,,,,,
2024-01-10 12:00:00+00:00,0.0002334856259187,,,,,
2024-01-10 13:00:00+00:00,0.0005235668266553,,,,,
2024-01-10 14:00:00+00:00,0.0005737162468622,,,,,
2024-01-10 15:00:00+00:00,-0.0008228494066705,,,,,
2024-01-10 16:00:00+00:00,0.0001734537001235,,,,,
2024-01-10 17:00:00+00:00,-0.0020360337533781,,,,,
2024-01-10 18:00:00+00:00,-0.0038307551634307,,,,,
2024-01-11 10:00:00+00:00,0.0011349263674658,,,,,
2024-01-11 11:00:00+00:00,0.0022723182666626,,,,,
2024-01-11 12:00:00+00:00,0.0026424265070379,,,,,
2024-01-11 13:00:00+00:00,0.0002269796894448,,,,,
2024-01-11 14:00:00+00:00,-0.0011385697200356,,,,,
2024-01-11 15:00:00+00:00,-0.0012378115054915,,,,,
2024-01-11 16:00:00+00:00,0.0012662126623672,,,,,
2024-01-11 17:00:00+00:00,0.0038802098389396,,,,,
2024-01-11 18:00:00+00:00,-0.0004936385188585,,,,,
2024-01-12 10:00:00+00:00,0.0020829446471352,,,,,
2024-01-12 11:00:00+00:00,0.0007748910599205,,,,,
2024-01-12 12:00:00+00:00,0.0007930923020248,,,,,
2024-01-12 13:00:00+00:00,0.0010710864094054,,,,,
2024-01-12 14:00:00+00:00,-0.0004915551243409,,,,,
2024-01-12 15:00:00+00:00,-0.0004166020680488,,,,,
2024-01-12 16:00:00+00:00,0.0005982238255819,,,,,
2024-01-12 17:00:00+00:00,-0.0026712834275134,,,,,
2024-01-12 18:00:00+00:00,0.0028560027564117,,,,,
2024-01-15 10:00:00+00:00,0.0003881124948953,,,,,
2024-01-15 11:00:00+00:00,-0.0004757716511067,,,,,
2024-01-15 12:00:00+00:00,-0.0036886406101134,,,,,
2024-01-15 13:00:00+00:00,0.0007099283459046,,,,,
2024-01-15 14:00:00+00:00,0.0002731567041631,,,,,
2024-01-15 15:00:00+00:00,-0.0002197753904365,,,,,
2024-01-15 16:00:00+00:00,-0.0016341310689623,,,,,
2024-01-15 17:00:00+00:00,0.0016843697024821,,,,,
2024-01-15 18:00:00+00:00,-0.0047240341206844,,,,,
2024-01-16 10:00:00+00:00,0.0002460366039173,,,,,
2024-01-16 11:00:00+00:00,0.0006400423970689,,,,,
2024-01-16 12:00:00+00:00,0.0018453152820614,,,,,
2024-01-16 13:00:00+00:00,-0.0001541707113312,,,,,
2024-01-16 14:00:00+00:00,-0.001098761092249,,,,,
2024-01-16 15:00:00+00:00,-0.0001764179598057,,,,,
2024-01-16 16:00:00+00:00,0.0012814721994466,,,,,
2024-01-16 17:00:00+00:00,0.000434131554969,,,,,
2024-01-16 18:00:00+00:00,0.0014959947224521,,,,,
2024-01-17 10:00:00+00:00,0.0012209074835367,,,,,
2024-01-17 11:00:00+00:00,-0.0019183408315264,,,,,
2024-01-17 12:00:00+00:00,-0.0001225723217517,,,,,
2024-01-17 13:00:00+00:00,0.0008231461611971,,,,,
2024-01-17 14:00:00+00:00,-0.0009960301014954,,,,,
2024-01-17 15:00:00+00:00,-0.0003867395545988,,,,,
2024-01-17 16:00:00+00:00,0.0001949605839897,,,,,
2024-01-17 17:00:00+00:00,0.0015049479172058,,,,,
2024-01-17 18:00:00+00:00,0.0013804226912301,,,,,
2024-01-18 10:00:00+00:00,-0.0002445723758288,,,,,
2024-01-18 11:00:00+00:00,3.763041290404074e-05,,,,,
2024-01-18 12:00:00+00:00,0.0004890665510132,,,,,
2024-01-18 13:00:00+00:00,-0.0009156275039445,,,,,
2024-01-18 14:00:00+00:00,-0.0008725072896287,,,,,
2024-01-18 15:00:00+00:00,-0.0018731246735712,,,,,
2024-01-18 16:00:00+00:00,0.0001226775798825,,,,,
2024-01-18 17:00:00+00:00,-0.0001289691435249,,,,,
2024-01-18 18:00:00+00:00,-0.0052167229687376,,,,,
2024-01-19 10:00:00+00:00,0.0006828118202059,,,,,
2024-01-19 11:00:00+00:00,0.0014557399291449,,,,,
2024-01-19 12:00:00+00:00,-0.0007576044909506,,,,,
2024-01-19 13:00:00+00:00,-0.000176856998945,,,,,
2024-01-19 14:00:00+00:00,-0.0015551611082087,,,,,
2024-01-19 15:00:00+00:00,-9.174152306855828e-05,,,,,
2024-01-19 16:00:00+00:00,0.0020068999825533,,,,,
2024-01-19 17:00:00+00:00,-0.0002810394689484,,,,,
2024-01-19 18:00:00+00:00,-0.0004169680795539,,,,,
2024-01-22 10:00:00+00:00,0.0019317517078474,,,,,
2024-01-22 11:00:00+00:00,0.0006588456569312,,,,,
2024-01-22 12:00:00+00:00,-5.0422604464314295e-05,,,,,
2024-01-22 13:00:00+00:00,2.206020229308962e-05,,,,,
2024-01-22 14:00:00+00:00,0.0013069859462046,,,,,
2024-01-22 15:00:00+00:00,-0.0013069859462047,,,,,
2024-01-22 16:00:00+00:00,-9.454715073449412e-05,,,,,
2024-01-22 17:00:00+00:00,-0.0002269496402186,,,,,
2024-01-22 18:00:00+00:00,-0.0001797050005388,,,,,
2024-01-23 10:00:00+00:00,0.0016980259413813,,,,,
2024-01-23 11:00:00+00:00,-0.0005667381538122,,,,,
2024-01-23 12:00:00+00:00,-0.002342774341226,,,,,
2024-01-23 13:00:00+00:00,0.0015015207292817,,,,,
2024-01-23 14:00:00+00:00,3.1520385812154275e-05,,,,,
2024-01-23 15:00:00+00:00,0.0012505573224179,,,,,
2024-01-23 16:00:00+00:00,-0.0005794089561118,,,,,
2024-01-23 17:00:00+00:00,0.0003180866954777,,,,,
2024-01-23 18:00:00+00:00,-0.0002865884499275,,,,,
2024-01-24 10:00:00+00:00,0.000359009892374,,,,,
2024-01-24 11:00:00+00:00,-0.0027967548148264,,,,,
2024-01-24 12:00:00+00:00,-0.0006443299191989,,,,,
2024-01-24 13:00:00+00:00,-0.0022457632536486,,,,,
2024-01-24 14:00:00+00:00,0.001774887241769,,,,,
2024-01-24 15:00:00+00:00,0.0005087892663577,,,,,
2024-01-24 16:00:00+00:00,-0.0008186138701741,,,,,
2024-01-24 17:00:00+00:00,-5.691699606284367e-05,,,,,
2024-01-24 18:00:00+00:00,-0.0040716346093195,,,,,
2024-01-25 10:00:00+00:00,0.0002539714803681,,,,,
2024-01-25 11:00:00+00:00,0.0006600241402264,,,,,
2024-01-25 12:00:00+00:00,-0.0001395841663064,,,,,
2024-01-25 13:00:00+00:00,0.0003964949895328,,,,,
2024-01-25 14:00:00+00:00,0.0015179150125272,,,,,
2024-01-25 15:00:00+00:00,0.0003450912388987,,,,,
2024-01-25 16:00:00+00:00,-0.000269097622326,,,,,
2024-01-25 17:00:00+00:00,-0.0001709937591445,,,,,
2024-01-25 18:00:00+00:00,0.0031839155510266,,,,,
2024-01-26 10:00:00+00:00,0.0006942450521985,,,,,
2024-01-26 11:00:00+00:00,-1.892756421245516e-05,,,,,
2024-01-26 12:00:00+00:00,-0.0016322719825072,,,,,
2024-01-26 13:00:00+00:00,0.0007296423023476,,,,,
2024-01-26 14:00:00+00:00,-0.0011721089981456,,,,,
2024-01-26 15:00:00+00:00,0.0008721041010786,,,,,
2024-01-26 16:00:00+00:00,-0.0014539296583684,,,,,
2024-01-26 17:00:00+00:00,0.000528084126269,,,,,
2024-01-26 18:00:00+00:00,0.0039218520495259,,,,,
2024-01-29 10:00:00+00:00,-0.0006583517190344,,,,,
2024-01-29 11:00:00+00:00,0.0011242909412861,,,,,
2024-01-29 12:00:00+00:00,0.0011984808096956,,,,,
2024-01-29 13:00:00+00:00,0.000600273126575,,,,,
2024-01-29 14:00:00+00:00,-0.0001476777673806,,,,,
2024-01-29 15:00:00+00:00,-0.0005940734279718,,,,,
2024-01-29 16:00:00+00:00,-0.0007485948470082,,,,,
2024-01-29 17:00:00+00:00,-0.0004689435166372,,,,,
2024-01-29 18:00:00+00:00,0.003654449969197,,,,,
2024-01-30 10:00:00+00:00,0.0010971822328945,,,,,
2024-01-30 11:00:00+00:00,-0.0005766542929364,,,,,
2024-01-30 12:00:00+00:00,0.0008116082352131,,,,,
2024-01-30 13:00:00+00:00,-0.0007771249901481,,,,,
2024-01-30 14:00:00+00:00,-0.0016031602311072,,,,,
2024-01-30 15:00:00+00:00,0.0021829276196062,,,,,
2024-01-30 16:00:00+00:00,0.0006702308162436,,,,,
2024-01-30 17:00:00+00:00,0.0006510090870413,,,,,
2024-01-30 18:00:00+00:00,0.0026871825142682,,,,,
2024-01-31 10:00:00+00:00,0.0011164927075225,,,,,
2024-01-31 11:00:00+00:00,-0.0012257139446083,,,,,
2024-01-31 12:00:00+00:00,0.0006676234103347,,,,,
2024-01-31 13:00:00+00:00,0.0012155517295769,,,,,
2024-01-31 14:00:00+00:00,0.0011456288357515,,,,,
2024-01-31 15:00:00+00:00,0.0005536650903191,,,,,
2024-01-31 16:00:00+00:00,0.0003886266139996,,,,,
2024-01-31 17:00:00+00:00,-0.0008987339031097,,,,,
2024-01-31 18:00:00+00:00,0.0048665068126705,,,,,
2024-02-01 10:00:00+00:00,0.0003405130016,,,,,
2024-02-01 11:00:00+00:00,-0.000439593104848,,,,,
2024-02-01 12:00:00+00:00,-0.0002508403940509,,,,,
2024-02-01 13:00:00+00:00,0.0001641372500786,,,,,
2024-02-01 14:00:00+00:00,-3.406400627113606e-05,,,,,
2024-02-01 15:00:00+00:00,-0.0008426792741055,,,,,
2024-02-01 16:00:00+00:00,-0.0009209431480172,,,,,
2024-02-01 17:00:00+00:00,0.0019896618561287,,,,,
2024-02-01 18:00:00+00:00,-0.0030480880040141,,,,,
2024-02-02 10:00:00+00:00,0.0015546625154457,,,,,
2024-02-02 11:00:00+00:00,0.0001519231457833,,,,,
2024-02-02 12:00:00+00:00,-0.0004868556817177,,,,,
2024-02-02 13:00:00+00:00,0.0017261821425663,,,,,
2024-02-02 14:00:00+00:00,-0.0007867942876975,,,,,
2024-02-02 15:00:00+00:00,0.0004987878938231,,,,,
2024-02-02 16:00:00+00:00,-0.0005390735501206,,,,,
2024-02-02 17:00:00+00:00,-0.0001673577927554,,,,,
2024-02-02 18:00:00+00:00,-0.0007162357931074,,,,,
2024-02-05 10:00:00+00:00,0.0001612753159218,,,,,
2024-02-05 11:00:00+00:00,0.0010290681642867,,,,,
2024-02-05 12:00:00+00:00,0.0003933697121978,,,,,
2024-02-05 13:00:00+00:00,-0.0003345092811056,,,,,
2024-02-05 14:00:00+00:00,-8.67428972052242e-05,,,,,
2024-02-05 15:00:00+00:00,-0.0004927184678523,,,,,
2024-02-05 16:00:00+00:00,0.0017497546291908,,,,,
2024-02-05 17:00:00+00:00,-0.0015668936603549,,,,,
2024-02-05 18:00:00+00:00,0.0021669889512213,,,,,
2024-02-06 10:00:00+00:00,0.0002257158370885,,,,,
2024-02-06 11:00:00+00:00,-0.0008907915023576,,,,,
2024-02-06 12:00:00+00:00,-0.0002785351544844,,,,,
2024-02-06 13:00:00+00:00,0.0013671726096828,,,,,
2024-02-06 14:00:00+00:00,-0.0006957253371581,,,,,
2024-02-06 15:00:00+00:00,0.0005813504191438,,,,,
2024-02-06 16:00:00+00:00,0.0004636011382537,,,,,
2024-02-06 17:00:00+00:00,0.0006517686791782,,,,,
2024-02-06 18:00:00+00:00,0.0030216160874107,,,,,
2024-02-07 10:00:00+00:00,0.0008862520736162,,,,,
2024-02-07 11:00:00+00:00,3.075853626519214e-05,,,,,
2024-02-07 12:00:00+00:00,0.0011251119382027,,,,,
2024-02-07 13:00:00+00:00,0.0006910393967804,,,,,
2024-02-07 14:00:00+00:00,-0.0005497213910952,,,,,
2024-02-07 15:00:00+00:00,0.0009794605767225,,,,,
2024-02-07 16:00:00+00:00,-0.000469652910581,,,,,
2024-02-07 17:00:00+00:00,-0.0001166800235912,,,,,
2024-02-07 18:00:00+00:00,-0.0042034064505822,,,,,
2024-02-08 10:00:00+00:00,0.000872289754123,,,,,
2024-02-08 11:00:00+00:00,-0.0001294083574955,,,,,
2024-02-08 12:00:00+00:00,0.0008377763688836,,,,,
2024-02-08 13:00:00+00:00,0.0005170996978767,,,,,
2024-02-08 14:00:00+00:00,-8.308727707775435e-05,,,,,
2024-02-08 15:00:00+00:00,-0.0011916768794636,,,,,
2024-02-08 16:00:00+00:00,0.0006375852062137,,,,,
2024-02-08 17:00:00+00:00,-0.0018029212199549,,,,,
2024-02-08 18:00:00+00:00,-0.0057602634138456,,,,,
2024-02-09 10:00:00+00:00,0.0028471556216012,,,,,
2024-02-09 11:00:00+00:00,0.0022465912728293,,,,,
2024-02-09 12:00:00+00:00,-0.0007163832833264,,,,,
2024-02-09 13:00:00+00:00,0.0005496847171655,,,,,
2024-02-09 14:00:00+00:00,-0.0011954869480067,,,,,
2024-02-09 15:00:00+00:00,-0.0006152904504084,,,,,
2024-02-09 16:00:00+00:00,0.0016996295809661,,,,,
2024-02-09 17:00:00+00:00,0.0011201751483382,,,,,
2024-02-09 18:00:00+00:00,-0.0019819898621041,,,,,
2024-02-12 10:00:00+00:00,-0.0003832672965373,,,,,
2024-02-12 11:00:00+00:00,-0.0001885967019717,,,,,
2024-02-12 12:00:00+00:00,0.0007634425756662,,,,,
2024-02-12 13:00:00+00:00,-0.0024314428943138,,,,,
2024-02-12 14:00:00+00:00,0.0019709744135888,,,,,
2024-02-12 15:00:00+00:00,7.727461702673704e-05,,,,,
2024-02-12 16:00:00+00:00,0.0021119201615178,,,,,
2024-02-12 17:00:00+00:00,0.0019474082830552,,,,,
2024-02-12 18:00:00+00:00,0.002428939379237,,,,,
2024-02-13 10:00:00+00:00,-0.0013428739824214,,,,,
2024-02-13 11:00:00+00:00,0.0010050205768704,,,,,
2024-02-13 12:00:00+00:00,-0.0001443903580471,,,,,
2024-02-13 13:00:00+00:00,-0.0020113429261024,,,,,
2024-02-13 15:00:00+00:00,0.0006862795150261,,,,,
2024-02-13 16:00:00+00:00,0.0003137467228438,,,,,
2024-02-13 17:00:00+00:00,0.0009406499785217,,,,,
2024-02-13 18:00:00+00:00,0.0029330752639049,,,,,
2024-02-14 10:00:00+00:00,0.0002021755319356,,,,,
2024-02-14 11:00:00+00:00,-0.0016277537072587,,,,,
2024-02-14 12:00:00+00:00,3.681467187812193e-05,,,,,
2024-02-14 13:00:00+00:00,-0.0001165844440856,,,,,
2024-02-14 14:00:00+00:00,-0.0015629297207247,,,,,
2024-02-14 15:00:00+00:00,0.0012959615113704,,,,,
2024-02-14 16:00:00+00:00,-0.0005986360487057,,,,,
2024-02-14 17:00:00+00:00,0.0005249771018727,,,,,
2024-02-14 18:00:00+00:00,-0.0040380485891598,,,,,
2024-02-15 10:00:00+00:00,-0.0002866349538587,,,,,
2024-02-15 11:00:00+00:00,0.0008226991465177,,,,,
2024-02-15 12:00:00+00:00,0.0011850986788759,,,,,
2024-02-15 13:00:00+00:00,0.0030256279752899,,,,,
2024-02-15 14:00:00+00:00,-0.0002944812396855,,,,,
2024-02-15 15:00:00+00:00,0.0007912217735012,,,,,
2024-02-15 16:00:00+00:00,0.0003923119175215,,,,,
2024-02-15 17:00:00+00:00,0.0006984245908798,,,,,
2024-02-15 18:00:00+00:00,0.002269572202649,,,,,
2024-02-16 10:00:00+00:00,-0.0012870899942343,,,,,
2024-02-16 11:00:00+00:00,0.0005902492827656,,,,,
2024-02-16 12:00:00+00:00,-0.0009145759253702,,,,,
2024-02-16 13:00:00+00:00,-0.0049728986496253,,,,,
2024-02-16 14:00:00+00:00,-0.0020503418260859,,,,,
2024-02-16 15:00:00+00:00,-0.0003760441433826,,,,,
2024-02-16 16:00:00+00:00,0.0007796718685353,,,,,
2024-02-16 17:00:00+00:00,-0.0011527734104425,,,,,
2024-02-16 18:00:00+00:00,-0.0002405855493717,,,,,
2024-02-19 10:00:00+00:00,-7.403796917221382e-05,,,,,
2024-02-19 11:00:00+00:00,0.0018770203121975,,,,,
2024-02-19 12:00:00+00:00,-0.0004897197453386,,,,,
2024-02-19 13:00:00+00:00,0.0009207210604073,,,,,
2024-02-19 14:00:00+00:00,0.0010551688095333,,,,,
2024-02-19 15:00:00+00:00,-0.0005320596831974,,,,,
2024-02-19 16:00:00+00:00,-0.0002338267293064,,,,,
2024-02-19 17:00:00+00:00,-0.0016414018728833,,,,,
2024-02-19 18:00:00+00:00,-0.0051293889849262,,,,,
2024-02-20 10:00:00+00:00,-0.0036404925847893,,,,,
2024-02-20 11:00:00+00:00,0.0001741017442553,,,,,
2024-02-20 12:00:00+00:00,0.0021737181298203,,,,,
2024-02-20 13:00:00+00:00,-0.0002512886311322,,,,,
2024-02-20 14:00:00+00:00,-0.0002513517929805,,,,,
2024-02-20 15:00:00+00:00,-0.0001179399004465,,,,,
2024-02-20 16:00:00+00:00,-0.0010682998590597,,,,,
2024-02-20 17:00:00+00:00,-0.0033801060529763,,,,,
2024-02-20 18:00:00+00:00,-0.0086735429342379,,,,,
2024-02-21 10:00:00+00:00,-0.0042546013804839,,,,,
2024-02-21 11:00:00+00:00,-0.0024031708108627,,,,,
2024-02-21 12:00:00+00:00,-0.002170975398394,,,,,
2024-02-21 13:00:00+00:00,-0.0032955660488683,,,,,
2024-02-21 14:00:00+00:00,0.0059001715232955,,,,,
2024-02-21 15:00:00+00:00,0.0027619525652343,,,,,
2024-02-21 16:00:00+00:00,-0.0045800254658444,,,,,
2024-02-21 17:00:00+00:00,-0.0047093902876983,,,,,
2024-02-21 18:00:00+00:00,0.0039641026118138,,,,,
2024-02-22 10:00:00+00:00,0.0014013153096179,,,,,
2024-02-22 11:00:00+00:00,-0.0005387350631323,,,,,
2024-02-22 12:00:00+00:00,0.0021184066996923,,,,,
2024-02-22 13:00:00+00:00,0.0005597254013216,,,,,
2024-02-22 14:00:00+00:00,-0.0028017652025079,,,,,
2024-02-22 15:00:00+00:00,-0.0025394420528764,,,,,
2024-02-22 16:00:00+00:00,0.0006195836278624,,,,,
2024-02-22 17:00:00+00:00,-0.001891727042756,,,,,
2024-02-22 18:00:00+00:00,0.0175518366486175,,,,,
2024-02-26 10:00:00+00:00,0.0011313385064805,,,,,
2024-02-26 11:00:00+00:00,0.0031715417592927,,,,,
2024-02-26 12:00:00+00:00,-0.0011807461879886,,,,,
2024-02-26 13:00:00+00:00,-0.0009855413165625,,,,,
2024-02-26 14:00:00+00:00,0.0005958072194058,,,,,
2024-02-26 15:00:00+00:00,-0.0016760277393631,,,,,
2024-02-26 16:00:00+00:00,0.0019472987391947,,,,,
2024-02-26 17:00:00+00:00,0.001747465296804,,,,,
2024-02-26 18:00:00+00:00,0.0031756120003979,,,,,
2024-02-27 10:00:00+00:00,-0.0030324614431111,,,,,
2024-02-27 11:00:00+00:00,-0.0012080868551748,,,,,
2024-02-27 12:00:00+00:00,0.0006633829971871,,,,,
2024-02-27 13:00:00+00:00,-0.0022535554450157,,,,,
2024-02-27 14:00:00+00:00,0.0019795350661493,,,,,
2024-02-27 15:00:00+00:00,-0.0005763105382907,,,,,
2024-02-27 16:00:00+00:00,-0.0004768754463678,,,,,
2024-02-27 17:00:00+00:00,0.0004270167645587,,,,,
2024-02-27 18:00:00+00:00,0.0072129617618926,,,,,
2024-02-28 10:00:00+00:00,0.0012120538992565,,,,,
2024-02-28 11:00:00+00:00,-0.0015462454064762,,,,,
2024-02-28 12:00:00+00:00,-0.0019857903292392,,,,,
2024-02-28 13:00:00+00:00,0.0003193555865535,,,,,
2024-02-28 14:00:00+00:00,0.0013228437178651,,,,,
2024-02-28 15:00:00+00:00,-0.0012608447470281,,,,,
2024-02-28 16:00:00+00:00,-0.0004774912576498,,,,,
2024-02-28 17:00:00+00:00,0.0008153181044597,,,,,
2024-02-28 18:00:00+00:00,-0.0007191814042004,,,,,
2024-02-29 10:00:00+00:00,0.001815557279784,,,,,
2024-02-29 11:00:00+00:00,0.0010982671687235,,,,,
2024-02-29 12:00:00+00:00,0.0032351898019685,,,,,
2024-02-29 13:00:00+00:00,-0.0011780271568429,,,,,
2024-02-29 14:00:00+00:00,4.3198277012561126e-05,,,,,
2024-02-29 15:00:00+00:00,0.0002406419598633,,,,,
2024-02-29 16:00:00+00:00,0.0016736353995312,,,,,
2024-02-29 17:00:00+00:00,0.0029674296638811,,,,,
2024-02-29 18:00:00+00:00,0.0002087721137161,,,,,
2024-03-01 10:00:00+00:00,-0.0005527271081398,,,,,
2024-03-01 11:00:00+00:00,-0.0001382295257394,,,,,
2024-03-01 12:00:00+00:00,0.0002580129942285,,,,,
2024-03-01 13:00:00+00:00,0.00050047822813,,,,,
2024-03-01 14:00:00+00:00,0.0012332386959249,,,,,
2024-03-01 15:00:00+00:00,0.0014797184801795,,,,,
2024-03-01 16:00:00+00:00,7.040819921691003e-05,,,,,
2024-03-01 17:00:00+00:00,-3.673409414144715e-05,,,,,
2024-03-01 18:00:00+00:00,0.0043497188118291,,,,,
2024-03-04 10:00:00+00:00,0.0022833492940047,,,,,
2024-03-04 11:00:00+00:00,0.0010971961814402,,,,,
2024-03-04 12:00:00+00:00,0.0003340865497457,,,,,
2024-03-04 13:00:00+00:00,0.0006465959076885,,,,,
2024-03-04 14:00:00+00:00,0.0003034219955676,,,,,
2024-03-04 15:00:00+00:00,-0.000139562683592,,,,,
2024-03-04 16:00:00+00:00,0.0001790007817101,,,,,
2024-03-04 17:00:00+00:00,0.0001152716772699,,,,,
2024-03-04 18:00:00+00:00,-0.0029435864633837,,,,,
2024-03-05 10:00:00+00:00,0.0032589989132655,,,,,
2024-03-05 11:00:00+00:00,0.0009577586756126,,,,,
2024-03-05 12:00:00+00:00,0.0011838065147567,,,,,
2024-03-05 13:00:00+00:00,-0.0014989169726684,,,,,
2024-03-05 14:00:00+00:00,0.0010661272427016,,,,,
2024-03-05 15:00:00+00:00,0.0013250163784159,,,,,
2024-03-05 16:00:00+00:00,-0.0007802765841121,,,,,
2024-03-05 17:00:00+00:00,-0.001313933329818,,,,,
2024-03-05 18:00:00+00:00,-0.0009911329277939,,,,,
2024-03-06 10:00:00+00:00,0.0003062346053874,,,,,
2024-03-06 11:00:00+00:00,0.0009726580843704,,,,,
2024-03-06 12:00:00+00:00,0.0024924694387863,,,,,
2024-03-06 13:00:00+00:00,0.0010447460194619,,,,,
2024-03-06 14:00:00+00:00,-0.0002052396481911,,,,,
2024-03-06 15:00:00+00:00,-0.000585768263883,,,,,
2024-03-06 16:00:00+00:00,0.0001902613381111,,,,,
2024-03-06 17:00:00+00:00,-0.0002929571020012,,,,,
2024-03-06 18:00:00+00:00,0.0011682967292784,,,,,
2024-03-07 10:00:00+00:00,-0.0024922037171928,,,,,
2024-03-07 11:00:00+00:00,-9.074272930095028e-05,,,,,
2024-03-07 12:00:00+00:00,0.0007196659609265,,,,,
2024-03-07 13:00:00+00:00,0.0009426438229732,,,,,
2024-03-07 14:00:00+00:00,0.0005615382672848,,,,,
2024-03-07 15:00:00+00:00,0.0008085440614259,,,,,
2024-03-07 16:00:00+00:00,-0.0006636821326983,,,,,
2024-03-07 17:00:00+00:00,0.0005852699196543,,,,,
2024-03-07 18:00:00+00:00,0.005678005823503,,,,,
2024-03-11 10:00:00+00:00,-0.0021795723338747,,,,,
2024-03-11 11:00:00+00:00,0.0006489643838165,,,,,
2024-03-11 12:00:00+00:00,4.204797674762452e-05,,,,,
2024-03-11 13:00:00+00:00,0.0007205476473633,,,,,
2024-03-11 14:00:00+00:00,-0.0009428212671031,,,,,
2024-03-11 15:00:00+00:00,-0.0008895888642728,,,,,
2024-03-11 16:00:00+00:00,-0.0008392227305263,,,,,
2024-03-11 17:00:00+00:00,-0.0008429393793541,,,,,
2024-03-11 18:00:00+00:00,-0.002364017395784,,,,,
2024-03-12 10:00:00+00:00,0.0018488725789946,,,,,
2024-03-12 11:00:00+00:00,-0.0009345654197649,,,,,
2024-03-12 12:00:00+00:00,0.0011635514345408,,,,,
2024-03-12 13:00:00+00:00,0.0011411350261497,,,,,
2024-03-12 14:00:00+00:00,0.0007309666983613,,,,,
2024-03-12 15:00:00+00:00,0.000105239261558,,,,,
2024-03-12 16:00:00+00:00,0.0011178591159234,,,,,
2024-03-12 17:00:00+00:00,0.0008855867590673,,,,,
2024-03-12 18:00:00+00:00,0.0009687438430345,,,,,
2024-03-13 10:00:00+00:00,-0.0004227727659387,,,,,
2024-03-13 11:00:00+00:00,-0.0015667163096788,,,,,
2024-03-13 12:00:00+00:00,9.011133255161063e-06,,,,,
2024-03-13 13:00:00+00:00,0.0001381605427701,,,,,
2024-03-13 14:00:00+00:00,-0.0002012401808341,,,,,
2024-03-13 15:00:00+00:00,-0.0006761030879006,,,,,
2024-03-13 16:00:00+00:00,-0.0002405024106927,,,,,
2024-03-13 17:00:00+00:00,-0.0015917796534997,,,,,
2024-03-13 18:00:00+00:00,-0.0066380982762517,,,,,
2024-03-14 10:00:00+00:00,0.0006818523008492,,,,,
2024-03-14 11:00:00+00:00,0.0017192328225255,,,,,
2024-03-14 12:00:00+00:00,-0.0017343800459642,,,,,
2024-03-14 13:00:00+00:00,0.0006813980127578,,,,,
2024-03-14 14:00:00+00:00,-0.0041318486741126,,,,,
2024-03-14 15:00:00+00:00,0.0016462909026167,,,,,
2024-03-14 16:00:00+00:00,0.0007220545495209,,,,,
2024-03-14 17:00:00+00:00,-0.000103118735249,,,,,
2024-03-14 18:00:00+00:00,-0.0002123367669088,,,,,
2024-03-15 10:00:00+00:00,0.0007338871174356,,,,,
2024-03-15 11:00:00+00:00,0.0004879490326469,,,,,
2024-03-15 12:00:00+00:00,0.0014019068832086,,,,,
2024-03-15 13:00:00+00:00,0.0022214608207368,,,,,
2024-03-15 14:00:00+00:00,-0.0007550452479778,,,,,
2024-03-15 15:00:00+00:00,-0.002344269790314,,,,,
2024-03-15 16:00:00+00:00,0.0020330252478012,,,,,
2024-03-15 17:00:00+00:00,-0.00263586101755,,,,,
2024-03-15 18:00:00+00:00,-0.0006911332131196,,,,,
2024-03-18 10:00:00+00:00,-0.0010345607908012,,,,,
2024-03-18 11:00:00+00:00,0.0011133983611894,,,,,
2024-03-18 12:00:00+00:00,0.0007880340474789,,,,,
2024-03-18 13:00:00+00:00,0.0008691478810118,,,,,
2024-03-18 14:00:00+00:00,-0.0005783383682795,,,,,
2024-03-18 15:00:00+00:00,-0.0006059486159211,,,,,
2024-03-18 16:00:00+00:00,0.0004666129439464,,,,,
2024-03-18 17:00:00+00:00,-0.0014702652914926,,,,,
2024-03-18 18:00:00+00:00,0.0004822427108754,,,,,
2024-03-19 10:00:00+00:00,0.0013060429820344,,,,,
2024-03-19 11:00:00+00:00,-0.0010756191527655,,,,,
2024-03-19 12:00:00+00:00,0.00111801423252,,,,,
2024-03-19 13:00:00+00:00,-0.0031998183237646,,,,,
2024-03-19 14:00:00+00:00,9.720682278056264e-05,,,,,
2024-03-19 15:00:00+00:00,-0.0013343811774447,,,,,
2024-03-19 16:00:00+00:00,-0.0071857327767796,,,,,
2024-03-19 17:00:00+00:00,0.0002419916846311,,,,,
2024-03-19 18:00:00+00:00,0.0032779595939499,,,,,
2024-03-20 10:00:00+00:00,-0.0003572404586855,,,,,
2024-03-20 11:00:00+00:00,0.001925145705061,,,,,
2024-03-20 12:00:00+00:00,0.0006033237837724,,,,,
2024-03-20 13:00:00+00:00,-0.0038791974675432,,,,,
2024-03-20 14:00:00+00:00,-0.0011688428258163,,,,,
2024-03-20 15:00:00+00:00,0.00180776285874,,,,,
2024-03-20 16:00:00+00:00,0.0003727694983276,,,,,
2024-03-20 17:00:00+00:00,-0.0019295137405767,,,,,
2024-03-20 18:00:00+00:00,0.0073464602344931,,,,,
2024-03-21 10:00:00+00:00,-0.0021535147403765,,,,,
2024-03-21 11:00:00+00:00,-0.0002101246595108,,,,,
2024-03-21 12:00:00+00:00,-0.001060432560795,,,,,
2024-03-21 13:00:00+00:00,-7.622381144086813e-05,,,,,
2024-03-21 14:00:00+00:00,-0.0039349321375261,,,,,
2024-03-21 15:00:00+00:00,0.0016699600766129,,,,,
2024-03-21 16:00:00+00:00,0.0023655862649797,,,,,
2024-03-21 17:00:00+00:00,0.0020314593742767,,,,,
2024-03-21 18:00:00+00:00,0.0010612952141609,,,,,
2024-03-22 10:00:00+00:00,0.0018947565866618,,,,,
2024-03-22 11:00:00+00:00,-0.0035738852945718,,,,,
2024-03-22 12:00:00+00:00,0.0012596107825662,,,,,
2024-03-22 13:00:00+00:00,-0.002941563706581,,,,,
2024-03-22 14:00:00+00:00,-0.0013549310569865,,,,,
2024-03-22 15:00:00+00:00,-0.001476033070749,,,,,
2024-03-22 16:00:00+00:00,-0.0012669075689282,,,,,
2024-03-22 17:00:00+00:00,0.0023733728617807,,,,,
2024-03-22 18:00:00+00:00,-0.0063343816380822,,,,,
2024-03-25 10:00:00+00:00,-0.0002951720936218,,,,,
2024-03-25 11:00:00+00:00,-0.0037711013530432,,,,,
2024-03-25 12:00:00+00:00,0.001887328326145,,,,,
2024-03-25 13:00:00+00:00,0.0010531340947793,,,,,
2024-03-25 14:00:00+00:00,0.0015868430694861,,,,,
2024-03-25 15:00:00+00:00,0.0046567821204324,,,,,
2024-03-25 16:00:00+00:00,0.0016197255509257,,,,,
2024-03-25 17:00:00+00:00,0.0020803980391122,,,,,
2024-03-25 18:00:00+00:00,8.836681374832435e-05,,,,,
2024-03-26 10:00:00+00:00,0.0008284399002108,,,,,
2024-03-26 11:00:00+00:00,0.0004504806217328,,,,,
2024-03-26 12:00:00+00:00,-0.0021842883170297,,,,,
2024-03-26 13:00:00+00:00,0.0003415144368781,,,,,
2024-03-26 14:00:00+00:00,0.0012096081522274,,,,,
2024-03-26 15:00:00+00:00,-0.000709743775748,,,,,
2024-03-26 16:00:00+00:00,0.0014585407132729,,,,,
2024-03-26 17:00:00+00:00,-0.0002921467327734,,,,,
2024-03-26 18:00:00+00:00,0.0017151410984816,,,,,
2024-03-27 10:00:00+00:00,-0.001060972576561,,,,,
2024-03-27 11:00:00+00:00,-0.000681561654464,,,,,
2024-03-27 12:00:00+00:00,-0.0004657980986496,,,,,
2024-03-27 13:00:00+00:00,-0.0004934345888104,,,,,
2024-03-27 14:00:00+00:00,0.0001279508670415,,,,,
2024-03-27 15:00:00+00:00,0.0024674655596242,,,,,
2024-03-27 16:00:00+00:00,0.0014180889152547,,,,,
2024-03-27 17:00:00+00:00,0.002603193486543,,,,,
2024-03-27 18:00:00+00:00,0.0003873236288597,,,,,
2024-03-28 10:00:00+00:00,0.0010190336391822,,,,,
2024-03-28 11:00:00+00:00,-0.0005381138936022,,,,,
2024-03-28 12:00:00+00:00,-0.0005686596120598,,,,,
2024-03-28 13:00:00+00:00,0.0006684441682147,,,,,
2024-03-28 14:00:00+00:00,-0.0005141481585781,,,,,
2024-03-28 15:00:00+00:00,0.0001270494284484,,,,,
2024-03-28 16:00:00+00:00,0.000393145958987,,,,,
2024-03-28 17:00:00+00:00,0.0016495272679568,,,,,
2024-03-28 18:00:00+00:00,-0.0013623260119712,,,,,
2024-03-29 10:00:00+00:00,0.0002750312449805,,,,,
2024-03-29 11:00:00+00:00,0.0011687942365346,,,,,
2024-03-29 12:00:00+00:00,0.0008236772978396,,,,,
2024-03-29 13:00:00+00:00,0.0004583103504584,,,,,
2024-03-29 14:00:00+00:00,0.0015061196476779,,,,,
2024-03-29 15:00:00+00:00,5.718783345448654e-05,,,,,
2024-03-29 16:00:00+00:00,0.0004874687529765,,,,,
2024-03-29 17:00:00+00:00,0.0025328145042288,,,,,
2024-03-29 18:00:00+00:00,0.0081080030980513,,,,,
2024-04-01 10:00:00+00:00,-0.000497197690979,,,,,
2024-04-01 11:00:00+00:00,0.0001846172175688,,,,,
2024-04-01 12:00:00+00:00,-0.0008280661257983,,,,,
2024-04-01 13:00:00+00:00,-0.0007005191580358,,,,,
2024-04-01 14:00:00+00:00,0.0020852082932838,,,,,
2024-04-01 15:00:00+00:00,0.0008328673723798,,,,,
2024-04-01 16:00:00+00:00,0.000799494785685,,,,,
2024-04-01 17:00:00+00:00,-0.0007965215021244,,,,,
2024-04-01 18:00:00+00:00,0.0008529672332823,,,,,
2024-04-02 10:00:00+00:00,-0.0004130187120529,,,,,
2024-04-02 11:00:00+00:00,-0.0006510736255319,,,,,
2024-04-02 12:00:00+00:00,0.0002022052270993,,,,,
2024-04-02 13:00:00+00:00,0.0008024704631118,,,,,
2024-04-02 14:00:00+00:00,-0.0001544998071825,,,,,
2024-04-02 15:00:00+00:00,-0.0007579890172127,,,,,
2024-04-02 16:00:00+00:00,0.0016697867622787,,,,,
2024-04-02 17:00:00+00:00,0.0008249503420453,,,,,
2024-04-02 18:00:00+00:00,0.0055934562656108,,,,,
2024-04-03 10:00:00+00:00,-0.0012455396832919,,,,,
2024-04-03 11:00:00+00:00,0.0002244297721417,,,,,
2024-04-03 12:00:00+00:00,-0.0010812696221137,,,,,
2024-04-03 13:00:00+00:00,-0.0004996696075706,,,,,
2024-04-03 14:00:00+00:00,-3.5488993979386825e-05,,,,,
2024-04-03 15:00:00+00:00,0.0023779327335637,,,,,
2024-04-03 16:00:00+00:00,0.0016980134968339,,,,,
2024-04-03 17:00:00+00:00,0.0001502060918757,,,,,
2024-04-03 18:00:00+00:00,0.0012126029770103,,,,,
2024-04-04 10:00:00+00:00,0.0003793721583399,,,,,
2024-04-04 11:00:00+00:00,0.000911081457858,,,,,
2024-04-04 12:00:00+00:00,-0.0006435488856417,,,,,
2024-04-04 13:00:00+00:00,-0.0003351620275161,,,,,
2024-04-04 14:00:00+00:00,0.000226393681937,,,,,
2024-04-04 15:00:00+00:00,-0.0001087801774188,,,,,
2024-04-04 16:00:00+00:00,0.0013515619941538,,,,,
2024-04-04 17:00:00+00:00,0.0005283752291467,,,,,
2024-04-04 18:00:00+00:00,-0.0029301272806527,,,,,
2024-04-05 10:00:00+00:00,-7.358405878267882e-05,,,,,
2024-04-05 11:00:00+00:00,-0.0021480956073659,,,,,
2024-04-05 12:00:00+00:00,-0.0007259142854687,,,,,
2024-04-05 13:00:00+00:00,0.001480778180437,,,,,
2024-04-05 14:00:00+00:00,0.0001679976307443,,,,,
2024-04-05 15:00:00+00:00,-0.0007429398943703,,,,,
2024-04-05 16:00:00+00:00,0.0017356127547061,,,,,
2024-04-05 17:00:00+00:00,-0.0003504158647621,,,,,
2024-04-05 18:00:00+00:00,0.006054609649508,,,,,
2024-04-08 10:00:00+00:00,0.0010152953494153,,,,,
2024-04-08 11:00:00+00:00,0.0006665497527962,,,,,
2024-04-08 12:00:00+00:00,-0.0008742064356272,,,,,
2024-04-08 13:00:00+00:00,-0.0012702762948873,,,,,
2024-04-08 14:00:00+00:00,0.0010567251580861,,,,,
2024-04-08 15:00:00+00:00,-0.0002428601327769,,,,,
2024-04-08 16:00:00+00:00,0.0013744540902889,,,,,
2024-04-08 17:00:00+00:00,-0.0013188543963655,,,,,
2024-04-08 18:00:00+00:00,0.004199073498065,,,,,
2024-04-09 10:00:00+00:00,0.0019039140780617,,,,,
2024-04-09 11:00:00+00:00,-0.000983527450733,,,,,
2024-04-09 12:00:00+00:00,0.00040167539929,,,,,
2024-04-09 13:00:00+00:00,-0.0031507839624842,,,,,
2024-04-09 14:00:00+00:00,-0.0015045658368706,,,,,
2024-04-09 15:00:00+00:00,0.0012914349284327,,,,,
2024-04-09 16:00:00+00:00,-0.0010575674016269,,,,,
2024-04-09 17:00:00+00:00,-0.0020130503915964,,,,,
2024-04-09 18:00:00+00:00,0.0003191983171087,,,,,
2024-04-10 10:00:00+00:00,0.0016763139070504,,,,,
2024-04-10 11:00:00+00:00,0.0017902284036391,,,,,
2024-04-10 12:00:00+00:00,0.0027564601915573,,,,,
2024-04-10 13:00:00+00:00,-0.0002590051597247,,,,,
2024-04-10 14:00:00+00:00,-5.821111424853028e-06,,,,,
2024-04-10 15:00:00+00:00,-0.0011474203233963,,,,,
2024-04-10 16:00:00+00:00,0.0014006073528424,,,,,
2024-04-10 17:00:00+00:00,0.0007213769303511,,,,,
2024-04-10 18:00:00+00:00,0.0016386159108346,,,,,
2024-04-11 10:00:00+00:00,-0.0011763938354261,,,,,
2024-04-11 11:00:00+00:00,-0.0007297689340559,,,,,
2024-04-11 12:00:00+00:00,-4.653719631679127e-05,,,,,
2024-04-11 13:00:00+00:00,-0.0009253763275149,,,,,
2024-04-11 14:00:00+00:00,0.0005791879597683,,,,,
2024-04-11 15:00:00+00:00,0.0008405353745104,,,,,
2024-04-11 16:00:00+00:00,0.0006074213118443,,,,,
2024-04-11 17:00:00+00:00,-0.0006655671007971,,,,,
2024-04-11 18:00:00+00:00,0.0036276296536675,,,,,
2024-04-12 10:00:00+00:00,0.0005936772105311,,,,,
2024-04-12 11:00:00+00:00,0.0008450199314012,,,,,
2024-04-12 12:00:00+00:00,0.0004771785822905,,,,,
2024-04-12 13:00:00+00:00,-0.0003759398540517,,,,,
2024-04-12 14:00:00+00:00,-0.0013951040486288,,,,,
2024-04-12 15:00:00+00:00,0.0020138837423274,,,,,
2024-04-12 16:00:00+00:00,0.0012421859444996,,,,,
2024-04-12 17:00:00+00:00,-0.0021820723308248,,,,,
2024-04-12 18:00:00+00:00,0.0004657156702038,,,,,
2024-04-15 10:00:00+00:00,0.0026945747946852,,,,,
2024-04-15 11:00:00+00:00,0.0007957193030044,,,,,
2024-04-15 12:00:00+00:00,0.0005445297227365,,,,,
2024-04-15 13:00:00+00:00,-0.0007722252861067,,,,,
2024-04-15 14:00:00+00:00,0.000348727795554,,,,,
2024-04-15 15:00:00+00:00,0.0012066392533176,,,,,
2024-04-15 16:00:00+00:00,0.0004517550183507,,,,,
2024-04-15 17:00:00+00:00,-0.0011312104437139,,,,,
2024-04-15 18:00:00+00:00,-0.0009854545413802,,,,,
2024-04-16 10:00:00+00:00,0.0001931333880302,,,,,
2024-04-16 11:00:00+00:00,0.0005359659184828,,,,,
2024-04-16 12:00:00+00:00,-0.0005964962506831,,,,,
2024-04-16 13:00:00+00:00,-0.0021064302942666,,,,,
2024-04-16 14:00:00+00:00,0.0001617463993289,,,,,
2024-04-16 15:00:00+00:00,0.0011805337440682,,,,,
2024-04-16 16:00:00+00:00,-0.0014202743631986,,,,,
2024-04-16 17:00:00+00:00,0.0003696964487707,,,,,
2024-04-16 18:00:00+00:00,0.0015264381127997,,,,,
2024-04-17 10:00:00+00:00,-0.0025174168214071,,,,,
2024-04-17 11:00:00+00:00,-0.002541157680406,,,,,
2024-04-17 12:00:00+00:00,0.0014363449812615,,,,,
2024-04-17 13:00:00+00:00,-0.0023525127968197,,,,,
2024-04-17 14:00:00+00:00,0.0013304870414058,,,,,
2024-04-17 15:00:00+00:00,0.0005704944488084,,,,,
2024-04-17 16:00:00+00:00,0.0008507929671671,,,,,
2024-04-17 17:00:00+00:00,-0.0008681636281212,,,,,
2024-04-17 18:00:00+00:00,-0.0021824166236741,,,,,
2024-04-18 10:00:00+00:00,-0.0004266056907729,,,,,
2024-04-18 11:00:00+00:00,0.0003598698702965,,,,,
2024-04-18 12:00:00+00:00,-0.0016436864086052,,,,,
2024-04-18 13:00:00+00:00,3.197019215810961e-05,,,,,
2024-04-18 14:00:00+00:00,0.0021744787571168,,,,,
2024-04-18 15:00:00+00:00,0.0003566390719952,,,,,
2024-04-18 16:00:00+00:00,0.0003449200413896,,,,,
2024-04-18 17:00:00+00:00,0.0014913511652146,,,,,
2024-04-18 18:00:00+00:00,0.0016451438006662,,,,,
2024-04-19 10:00:00+00:00,-0.0003322801527856,,,,,
2024-04-19 11:00:00+00:00,-0.0016543749254131,,,,,
2024-04-19 12:00:00+00:00,0.0010531006684304,,,,,
2024-04-19 13:00:00+00:00,0.0007804303168376,,,,,
2024-04-19 14:00:00+00:00,0.0018071024602465,,,,,
2024-04-19 15:00:00+00:00,0.000568013912871,,,,,
2024-04-19 16:00:00+00:00,0.0015841199639852,,,,,
2024-04-19 17:00:00+00:00,-0.0011028581843158,,,,,
2024-04-19 18:00:00+00:00,0.0006077302901527,,,,,
2024-04-22 10:00:00+00:00,-0.0002879777931429,,,,,
2024-04-22 11:00:00+00:00,0.0003225295560062,,,,,
2024-04-22 12:00:00+00:00,0.0004519422799833,,,,,
2024-04-22 13:00:00+00:00,-0.0017974632960554,,,,,
2024-04-22 14:00:00+00:00,0.0001614428380545,,,,,
2024-04-22 15:00:00+00:00,-8.360107302524286e-05,,,,,
2024-04-22 16:00:00+00:00,0.0026688985696876,,,,,
2024-04-22 17:00:00+00:00,0.0003420941079623,,,,,
2024-04-22 18:00:00+00:00,-0.0002759659544519,,,,,
2024-04-23 10:00:00+00:00,0.0013216455834306,,,,,
2024-04-23 11:00:00+00:00,-0.0034629678617684,,,,,
2024-04-23 12:00:00+00:00,-0.0004034500799667,,,,,
2024-04-23 13:00:00+00:00,-0.0016904955503474,,,,,
2024-04-23 14:00:00+00:00,-0.0028016608542057,,,,,
2024-04-23 15:00:00+00:00,-0.0006980216728054,,,,,
2024-04-23 16:00:00+00:00,0.000729869959153,,,,,
2024-04-23 17:00:00+00:00,-0.0042098606424932,,,,,
2024-04-23 18:00:00+00:00,0.0003924310280166,,,,,
2024-04-24 10:00:00+00:00,-0.0027065427508829,,,,,
2024-04-24 11:00:00+00:00,0.0005127682312595,,,,,
2024-04-24 12:00:00+00:00,-0.0013115788040412,,,,,
2024-04-24 13:00:00+00:00,0.003072216929803,,,,,
2024-04-24 14:00:00+00:00,-0.002439529722946,,,,,
2024-04-24 15:00:00+00:00,0.0017821994489975,,,,,
2024-04-24 16:00:00+00:00,-0.001123697022834,,,,,
2024-04-24 17:00:00+00:00,-0.0012328606986445,,,,,
2024-04-24 18:00:00+00:00,-0.0005221650422679,,,,,
2024-04-25 10:00:00+00:00,0.00204626016921,,,,,
2024-04-25 11:00:00+00:00,0.0001455854137632,,,,,
2024-04-25 12:00:00+00:00,-0.0001310259185699,,,,,
2024-04-25 13:00:00+00:00,-0.0004630957890076,,,,,
2024-04-25 14:00:00+00:00,8.448000377904425e-05,,,,,
2024-04-25 15:00:00+00:00,0.0012576164588715,,,,,
2024-04-25 16:00:00+00:00,0.0010235564242162,,,,,
2024-04-25 17:00:00+00:00,-0.0002877693679194,,,,,
2024-04-25 18:00:00+00:00,0.0033145000406105,,,,,
2024-04-26 10:00:00+00:00,0.001907671063919,,,,,
2024-04-26 11:00:00+00:00,-0.0015397486769065,,,,,
2024-04-26 12:00:00+00:00,-0.0009302070163869,,,,,
2024-04-26 13:00:00+00:00,-0.0025254811108885,,,,,
2024-04-26 14:00:00+00:00,0.0003341940070886,,,,,
2024-04-26 15:00:00+00:00,0.0015039430523542,,,,,
2024-04-26 16:00:00+00:00,0.0010062040427261,,,,,
2024-04-26 17:00:00+00:00,-0.0001652147578217,,,,,
2024-04-26 18:00:00+00:00,0.0025505380520479,,,,,
2024-04-27 10:00:00+00:00,-0.0006189425535478,,,,,
2024-04-27 11:00:00+00:00,-0.0003327676314358,,,,,
2024-04-27 12:00:00+00:00,-2.894154964833544e-05,,,,,
2024-04-27 13:00:00+00:00,0.0007869118457301,,,,,
2024-04-27 14:00:00+00:00,0.0002024139313962,,,,,
2024-04-27 15:00:00+00:00,-0.0006189371831755,,,,,
2024-04-27 16:00:00+00:00,0.0026898784682726,,,,,
2024-04-27 17:00:00+00:00,2.019726961828132e-05,,,,,
2024-04-27 18:00:00+00:00,0.0027948270706019,,,,,
2024-04-29 10:00:00+00:00,-0.0010478650709947,,,,,
2024-04-29 11:00:00+00:00,0.000857949036331,,,,,
2024-04-29 12:00:00+00:00,0.001078588965187,,,,,
2024-04-29 13:00:00+00:00,-0.0010929780133947,,,,,
2024-04-29 14:00:00+00:00,0.0005638957287593,,,,,
2024-04-29 15:00:00+00:00,0.0006124447230061,,,,,
2024-04-29 16:00:00+00:00,-0.0005894353236655,,,,,
2024-04-29 17:00:00+00:00,0.0003450774733163,,,,,
2024-04-29 18:00:00+00:00,-0.0013320810482406,,,,,
2024-04-30 10:00:00+00:00,-0.0006911944979622,,,,,
2024-04-30 11:00:00+00:00,0.0003946153775498,,,,,
2024-04-30 12:00:00+00:00,-0.0005559628598708,,,,,
2024-04-30 13:00:00+00:00,-0.0002046029916635,,,,,
2024-04-30 14:00:00+00:00,-0.0004295142663324,,,,,
2024-04-30 15:00:00+00:00,-0.0006316345267025,,,,,
2024-04-30 16:00:00+00:00,0.0011447240864979,,,,,
2024-04-30 17:00:00+00:00,-6.916526177489285e-05,,,,,
2024-04-30 18:00:00+00:00,0.0016327521542181,,,,,
2024-05-02 10:00:00+00:00,-0.0014713739842999,,,,,
2024-05-02 11:00:00+00:00,-0.0011388488479381,,,,,
2024-05-02 12:00:00+00:00,-0.0007243480823522,,,,,
2024-05-02 13:00:00+00:00,0.0005829826944221,,,,,
2024-05-02 14:00:00+00:00,-0.0024265195700432,,,,,
2024-05-02 15:00:00+00:00,-0.0029834340284786,,,,,
2024-05-02 16:00:00+00:00,-2.6108107874372563e-05,,,,,
2024-05-02 17:00:00+00:00,-0.0012568960390479,,,,,
2024-05-02 18:00:00+00:00,-0.0027981240006301,,,,,
2024-05-03 10:00:00+00:00,-0.0021431485065073,,,,,
2024-05-03 11:00:00+00:00,0.0015487757998514,,,,,
2024-05-03 12:00:00+00:00,0.0014445272122917,,,,,
2024-05-03 13:00:00+00:00,0.000837801170146,,,,,
2024-05-03 14:00:00+00:00,0.0016125357053462,,,,,
2024-05-03 15:00:00+00:00,0.0012794607702018,,,,,
2024-05-03 16:00:00+00:00,-0.0003392892647496,,,,,
2024-05-03 17:00:00+00:00,-0.0017504725373971,,,,,
2024-05-03 18:00:00+00:00,-0.0007266343779427,,,,,
2024-05-06 10:00:00+00:00,-0.0026698242915872,,,,,
2024-05-06 11:00:00+00:00,-0.001464586166178,,,,,
2024-05-06 12:00:00+00:00,0.0020154387629208,,,,,
2024-05-06 13:00:00+00:00,0.0016943728761786,,,,,
2024-05-06 14:00:00+00:00,-0.0002443714574663,,,,,
2024-05-06 15:00:00+00:00,-0.000325921531457,,,,,
2024-05-06 16:00:00+00:00,0.0015355580610946,,,,,
2024-05-06 17:00:00+00:00,-0.0014773499963506,,,,,
2024-05-06 18:00:00+00:00,-0.0046439937725622,,,,,
2024-05-07 10:00:00+00:00,0.0013090345695332,,,,,
2024-05-07 11:00:00+00:00,-0.0008705508974858,,,,,
2024-05-07 12:00:00+00:00,-0.0002309107686289,,,,,
2024-05-07 13:00:00+00:00,-0.0005234002420693,,,,,
2024-05-07 14:00:00+00:00,0.0002134868106892,,,,,
2024-05-07 15:00:00+00:00,0.0008388833114281,,,,,
2024-05-07 16:00:00+00:00,0.0013401677069234,,,,,
2024-05-07 17:00:00+00:00,0.0001079527634768,,,,,
2024-05-07 18:00:00+00:00,0.0024767922774444,,,,,
2024-05-08 10:00:00+00:00,-0.0005676632948528,,,,,
2024-05-08 11:00:00+00:00,-0.0006058629071006,,,,,
2024-05-08 12:00:00+00:00,0.0009232118523952,,,,,
2024-05-08 13:00:00+00:00,-0.0003144370292974,,,,,
2024-05-08 14:00:00+00:00,9.026519045530777e-05,,,,,
2024-05-08 15:00:00+00:00,-0.0001601535147656,,,,,
2024-05-08 16:00:00+00:00,4.0768782766369463e-05,,,,,
2024-05-08 17:00:00+00:00,-0.0004456347529043,,,,,
2024-05-08 18:00:00+00:00,0.0045750440948964,,,,,
2024-05-10 10:00:00+00:00,-0.0006875354735972,,,,,
2024-05-10 11:00:00+00:00,0.0009948878671312,,,,,
2024-05-10 12:00:00+00:00,0.0005101124096911,,,,,
2024-05-10 13:00:00+00:00,-0.0003477756881885,,,,,
2024-05-10 14:00:00+00:00,-3.768296165333561e-05,,,,,
2024-05-10 15:00:00+00:00,7.826302467402302e-05,,,,,
2024-05-10 16:00:00+00:00,0.0002492414089825,,,,,
2024-05-10 17:00:00+00:00,-0.0003246056938835,,,,,
2024-05-10 18:00:00+00:00,0.0038998811188288,,,,,
2024-05-13 10:00:00+00:00,0.0002973634279332,,,,,
2024-05-13 11:00:00+00:00,-0.0011003976693674,,,,,
2024-05-13 12:00:00+00:00,8.379989168718024e-05,,,,,
2024-05-13 13:00:00+00:00,-0.0008672350490202,,,,,
2024-05-13 14:00:00+00:00,-0.0010908928896282,,,,,
2024-05-13 15:00:00+00:00,0.0004573360544457,,,,,
2024-05-13 16:00:00+00:00,0.0018416983520152,,,,,
2024-05-13 17:00:00+00:00,-0.0013990342010165,,,,,
2024-05-13 18:00:00+00:00,0.0017022854903535,,,,,
2024-05-14 10:00:00+00:00,-0.0013494518275188,,,,,
2024-05-14 11:00:00+00:00,0.0006966254417028,,,,,
2024-05-14 12:00:00+00:00,-0.0004161825714257,,,,,
2024-05-14 13:00:00+00:00,0.0007310945214696,,,,,
2024-05-14 14:00:00+00:00,0.0003696782974516,,,,,
2024-05-14 15:00:00+00:00,0.0009034036995896,,,,,
2024-05-14 16:00:00+00:00,-0.001249973099248,,,,,
2024-05-14 17:00:00+00:00,0.0005833227615071,,,,,
2024-05-14 18:00:00+00:00,0.0020792876200715,,,,,
2024-05-15 10:00:00+00:00,-0.0012683991622532,,,,,
2024-05-15 11:00:00+00:00,0.0007814088535331,,,,,
2024-05-15 12:00:00+00:00,-0.0009025674762807,,,,,
2024-05-15 13:00:00+00:00,0.0003403607279655,,,,,
2024-05-15 14:00:00+00:00,0.0006659642095785,,,,,
2024-05-15 15:00:00+00:00,0.0008584680618252,,,,,
2024-05-15 16:00:00+00:00,0.0008059432994627,,,,,
2024-05-15 17:00:00+00:00,-0.0014021835472119,,,,,
2024-05-15 18:00:00+00:00,0.0022448507392407,,,,,
2024-05-16 10:00:00+00:00,0.0004339984691356,,,,,
2024-05-16 11:00:00+00:00,0.0003964697011181,,,,,
2024-05-16 12:00:00+00:00,0.0003302713855611,,,,,
2024-05-16 13:00:00+00:00,0.0003646077851136,,,,,
2024-05-16 14:00:00+00:00,0.0005796536014736,,,,,
2024-05-16 15:00:00+00:00,0.0010121530906823,,,,,
2024-05-16 16:00:00+00:00,-2.865842736929277e-06,,,,,
2024-05-16 17:00:00+00:00,-0.0008916757930278,,,,,
2024-05-16 18:00:00+00:00,0.0030130166685612,,,,,
2024-05-17 10:00:00+00:00,-0.0008897854087182,,,,,
2024-05-17 11:00:00+00:00,0.0001574151857386,,,,,
2024-05-17 12:00:00+00:00,0.0001545289873701,,,,,
2024-05-17 13:00:00+00:00,0.0007436943644657,,,,,
2024-05-17 14:00:00+00:00,0.0009345541328292,,,,,
2024-05-17 15:00:00+00:00,-0.0003571423507356,,,,,
2024-05-17 16:00:00+00:00,0.0020154678224318,,,,,
2024-05-17 17:00:00+00:00,-0.0012984550211732,,,,,
2024-05-17 18:00:00+00:00,-0.0002456118317281,,,,,
2024-05-20 10:00:00+00:00,-0.0024508519465294,,,,,
2024-05-20 11:00:00+00:00,-0.0038212221607454,,,,,
2024-05-20 12:00:00+00:00,-0.0006814349500524,,,,,
2024-05-20 13:00:00+00:00,0.0023672117900502,,,,,
2024-05-20 14:00:00+00:00,-0.0020566268814049,,,,,
2024-05-20 15:00:00+00:00,0.0009110675208101,,,,,
2024-05-20 16:00:00+00:00,-0.0004137574406067,,,,,
2024-05-20 17:00:00+00:00,-0.0033075867089749,,,,,
2024-05-20 18:00:00+00:00,-0.0098054489154755,,,,,
2024-05-21 10:00:00+00:00,0.0006054801962993,,,,,
2024-05-21 11:00:00+00:00,0.0006690948269682,,,,,
2024-05-21 12:00:00+00:00,-0.0008786426410162,,,,,
2024-05-21 13:00:00+00:00,-0.0007628920382817,,,,,
2024-05-21 14:00:00+00:00,-0.0028236822868599,,,,,
2024-05-21 15:00:00+00:00,-0.0029986696684593,,,,,
2024-05-21 16:00:00+00:00,0.0058048743266834,,,,,
2024-05-21 17:00:00+00:00,-0.0013262775379507,,,,,
2024-05-21 18:00:00+00:00,0.0037818015159025,,,,,
2024-05-22 10:00:00+00:00,0.0015069842411895,,,,,
2024-05-22 11:00:00+00:00,-0.0006501346936528,,,,,
2024-05-22 12:00:00+00:00,-0.0002700462143881,,,,,
2024-05-22 13:00:00+00:00,-8.712724067725081e-05,,,,,
2024-05-22 14:00:00+00:00,0.0001248800209563,,,,,
2024-05-22 15:00:00+00:00,-1.742418302404031e-05,,,,,
2024-05-22 16:00:00+00:00,0.000357135083607,,,,,
2024-05-22 17:00:00+00:00,-1.4515199591547622e-05,,,,,
2024-05-22 18:00:00+00:00,-0.0070940569296504,,,,,
2024-05-23 10:00:00+00:00,-5.8476283497916705e-05,,,,,
2024-05-23 11:00:00+00:00,-0.0003363050054873,,,,,
2024-05-23 12:00:00+00:00,0.0013065688355325,,,,,
2024-05-23 13:00:00+00:00,0.0002833030821588,,,,,
2024-05-23 14:00:00+00:00,0.001622334883542,,,,,
2024-05-23 15:00:00+00:00,0.0030682282214625,,,,,
2024-05-23 16:00:00+00:00,0.0009354782224821,,,,,
2024-05-23 17:00:00+00:00,-0.0002642855809844,,,,,
2024-05-23 18:00:00+00:00,-0.0050201464128657,,,,,
2024-05-24 10:00:00+00:00,-0.0013437524843858,,,,,
2024-05-24 11:00:00+00:00,0.0002367483069672,,,,,
2024-05-24 12:00:00+00:00,-0.0024989113191387,,,,,
2024-05-24 13:00:00+00:00,-0.0087011187680538,,,,,
2024-05-24 14:00:00+00:00,0.0003782181832107,,,,,
2024-05-24 15:00:00+00:00,0.0048274248508716,,,,,
2024-05-24 16:00:00+00:00,0.0013808666984444,,,,,
2024-05-24 17:00:00+00:00,-0.0027960285822694,,,,,
2024-05-24 18:00:00+00:00,-0.0139403797413149,,,,,
2024-05-27 10:00:00+00:00,0.001026498061011,,,,,
2024-05-27 11:00:00+00:00,-0.0015998857226059,,,,,
2024-05-27 12:00:00+00:00,0.0009584479252981,,,,,
2024-05-27 13:00:00+00:00,-0.0008001361852559,,,,,
2024-05-27 14:00:00+00:00,-0.0014286997677829,,,,,
2024-05-27 15:00:00+00:00,-0.0041361882005673,,,,,
2024-05-27 16:00:00+00:00,-0.0065297376200188,,,,,
2024-05-27 17:00:00+00:00,-0.0026093315001988,,,,,
2024-05-27 18:00:00+00:00,0.0120391909665253,,,,,
2024-05-28 10:00:00+00:00,-0.0028100225568298,,,,,
2024-05-28 11:00:00+00:00,0.0029926854529638,,,,,
2024-05-28 12:00:00+00:00,0.000957685347887,,,,,
2024-05-28 13:00:00+00:00,0.0006070565272303,,,,,
2024-05-28 14:00:00+00:00,-0.0029520184067918,,,,,
2024-05-28 15:00:00+00:00,-0.0038543102229889,,,,,
2024-05-28 16:00:00+00:00,-0.0013282634383868,,,,,
2024-05-28 17:00:00+00:00,-0.0045341824863762,,,,,
2024-05-28 18:00:00+00:00,-0.0001695618344597,,,,,
2024-05-29 10:00:00+00:00,-8.479170015459856e-05,,,,,
2024-05-29 11:00:00+00:00,-0.0004180070213346,,,,,
2024-05-29 12:00:00+00:00,2.4237062711445037e-05,,,,,
2024-05-29 13:00:00+00:00,-0.0021745831142215,,,,,
2024-05-29 14:00:00+00:00,-0.0019937277143172,,,,,
2024-05-29 15:00:00+00:00,0.0023519341361138,,,,,
2024-05-29 16:00:00+00:00,0.0025250510165901,,,,,
2024-05-29 17:00:00+00:00,0.0045067844067536,,,,,
2024-05-29 18:00:00+00:00,0.0042465079798212,,,,,
2024-05-30 10:00:00+00:00,-0.0037824848306007,,,,,
2024-05-30 11:00:00+00:00,-1.2049826030804009e-05,,,,,
2024-05-30 12:00:00+00:00,-0.0020777520717076,,,,,
2024-05-30 13:00:00+00:00,-0.0030051388078498,,,,,
2024-05-30 14:00:00+00:00,-0.0010057437292046,,,,,
2024-05-30 15:00:00+00:00,0.0006120488981782,,,,,
2024-05-30 16:00:00+00:00,-0.0018827915133387,,,,,
2024-05-30 17:00:00+00:00,-0.0039559936470291,,,,,
2024-05-30 18:00:00+00:00,-0.0161588343335318,,,,,
2024-05-31 10:00:00+00:00,0.0100620091660347,,,,,
2024-05-31 11:00:00+00:00,-0.0051847266932116,,,,,
2024-05-31 12:00:00+00:00,-0.0035652752542426,,,,,
2024-05-31 13:00:00+00:00,0.0050124490537112,,,,,
2024-05-31 14:00:00+00:00,-0.0001384685686254,,,,,
2024-05-31 15:00:00+00:00,-0.0035606041005407,,,,,
2024-05-31 16:00:00+00:00,-0.0007507310711907,,,,,
2024-05-31 17:00:00+00:00,-0.0057153462193179,,,,,
2024-05-31 18:00:00+00:00,-0.0079765496680638,,,,,
2024-06-03 10:00:00+00:00,-0.0072987171595906,,,,,
2024-06-03 11:00:00+00:00,-0.0011684568542508,,,,,
2024-06-03 12:00:00+00:00,-0.0109740731823538,,,,,
2024-06-03 13:00:00+00:00,-0.0113446088623801,,,,,
2024-06-03 14:00:00+00:00,0.0085997888633285,,,,,
2024-06-03 15:00:00+00:00,0.0038176649928506,,,,,
2024-06-03 16:00:00+00:00,0.0066286073316326,,,,,
2024-06-03 17:00:00+00:00,-0.0041170362165193,,,,,
2024-06-03 18:00:00+00:00,0.0080372139902608,,,,,
2024-06-04 10:00:00+00:00,-0.0059130447335504,,,,,
2024-06-04 11:00:00+00:00,0.0058246226570266,,,,,
2024-06-04 12:00:00+00:00,0.0030617947859985,,,,,
2024-06-04 13:00:00+00:00,0.0031340548131255,,,,,
2024-06-04 14:00:00+00:00,0.0027268299182609,,,,,
2024-06-04 15:00:00+00:00,-0.0016822337259226,,,,,
2024-06-04 16:00:00+00:00,0.0027083529271136,,,,,
2024-06-04 17:00:00+00:00,-0.0035144466626875,,,,,
2024-06-04 18:00:00+00:00,0.0069573818308832,,,,,
2024-06-05 10:00:00+00:00,0.0051035266596754,,,,,
2024-06-05 11:00:00+00:00,0.0025667675161392,,,,,
2024-06-05 12:00:00+00:00,-0.0018106050663398,-0.001810605,-0.0004653166385447,0.0010918578,8.261517e-06,-0.0006078821804838
2024-06-05 13:00:00+00:00,-0.0036466205240265,-0.0036466205,-7.868083849229038e-05,0.0010845845,1.9300835e-05,-0.0015305459679091
2024-06-05 14:00:00+00:00,-0.0016647922155085,-0.0016647922,-0.0003722057774315,0.001071286,2.161436e-05,0.0008487600991446
2024-06-05 15:00:00+00:00,0.0010800969090693,0.0010800969,-0.0005342874481653,0.0010518577,2.0633574e-05,-0.0013376158213926
2024-06-05 16:00:00+00:00,0.0031526807570375,0.0031526808,-0.0002108879800795,0.0010340603,2.344538e-05,-0.0003616474232331
2024-06-05 17:00:00+00:00,-0.0038279937373518,-0.0038279938,-0.0003664355469946,0.0010025797,3.228009e-05,-0.0012202604082843
2024-06-05 18:00:00+00:00,-0.0024842177753315,-0.0024842178,-0.0002021053523883,0.0009739949,3.1501873e-05,-0.0018115819225855
2024-06-06 10:00:00+00:00,0.0015965926125235,0.0015965926,1.6454421242549037e-05,0.0009427447,3.428391e-05,-0.0011814536666713
2024-06-06 11:00:00+00:00,-0.0024020925343147,-0.0024020926,-0.0005955062892307,0.0009108184,3.3374632e-05,-0.0009136591933724
2024-06-06 12:00:00+00:00,-0.004495219667816,-0.00449522,-0.0008668063757276,0.00088724913,3.4423363e-05,-0.000880626112325
2024-06-06 13:00:00+00:00,0.0003231022866421,0.0003231023,-0.0007794435558898,0.0008632543,3.0624407e-05,-0.0005598027106845
2024-06-06 14:00:00+00:00,0.0019145118595595,0.0019145119,-0.0003657226281166,0.00084334635,2.3084647e-05,0.0013858946867937
