Tk,Fold,Model,Feature,Importance
IMOEX,0,RF,Open,0.008969259292128686
IMOEX,0,RF,High,0.0038804063132592014
IMOEX,0,RF,Low,0.0025646887424315506
IMOEX,0,RF,Close,0.003887547332780325
IMOEX,0,RF,Value,0.013772895647048367
IMOEX,0,RF,Volume,0.0
IMOEX,0,RF,SMA_5,0.004839316490614816
IMOEX,0,RF,SMA_10,0.009567684270139095
IMOEX,0,RF,SMA_20,0.007584653692115794
IMOEX,0,RF,EMA_5,0.0026965114673356467
IMOEX,0,RF,EMA_10,0.011587117661761487
IMOEX,0,RF,EMA_20,0.004236714261714109
IMOEX,0,RF,BBH,0.002698828594645992
IMOEX,0,RF,BBL,0.002395434886771614
IMOEX,0,RF,RSI_50,0.012630328528692964
IMOEX,0,RF,StochK,0.005598610221376348
IMOEX,0,RF,StochD,0.013105182830906892
IMOEX,0,RF,ATR_50,0.007475911168941426
IMOEX,0,RF,OBV,0.0
IMOEX,0,RF,MACD,0.022137192019461547
IMOEX,0,RF,MACD_SIGNAL,0.015503694493259675
IMOEX,0,RF,MACD_DIFF,0.02216688312601882
IMOEX,0,RF,ADX_14,0.017503405078584874
IMOEX,0,RF,CCI_20,0.010953731158720411
IMOEX,0,RF,ROC_10,0.010765061445315532
IMOEX,0,RF,WILLR_14,0.0045679541728796125
IMOEX,0,RF,lag1,0.004519742479681179
IMOEX,0,RF,lag2,0.004260158771111792
IMOEX,0,RF,lag3,0.002849712839234325
IMOEX,0,RF,lag4,0.0015265327348628636
IMOEX,0,RF,lag5,0.004602941811426755
IMOEX,0,RF,lag6,0.0016920394203020286
IMOEX,0,RF,lag7,0.002352390074741768
IMOEX,0,RF,lag8,0.0016320599957005387
IMOEX,0,RF,lag9,0.0034926161439116405
IMOEX,0,RF,lag10,0.0021423989745842195
IMOEX,0,RF,lag11,0.0021889691680447177
IMOEX,0,RF,lag12,0.0038939238809986075
IMOEX,0,RF,lag13,0.002999300868332834
IMOEX,0,RF,lag14,0.0029376738808627604
IMOEX,0,RF,lag15,0.0029251830732464203
IMOEX,0,RF,lag16,0.0034115344183527005
IMOEX,0,RF,lag17,0.0034682351886054876
IMOEX,0,RF,lag18,0.008498143164338756
IMOEX,0,RF,lag19,0.02115799607284116
IMOEX,0,RF,lag20,0.0034321748287191294
IMOEX,0,RF,lag21,0.008753700288167632
IMOEX,0,RF,lag22,0.005225403401055532
IMOEX,0,RF,lag23,0.01944529748521604
IMOEX,0,RF,lag24,0.0037264577641849916
IMOEX,0,RF,lag25,0.006703166893905798
IMOEX,0,RF,lag26,0.010056388006647442
IMOEX,0,RF,lag27,0.010718910368799274
IMOEX,0,RF,lag28,0.015155660167280972
IMOEX,0,RF,lag29,0.004451610067435055
IMOEX,0,RF,lag30,0.0028072900430798037
IMOEX,0,RF,lag31,0.0028218751113454534
IMOEX,0,RF,lag32,0.004187829863254018
IMOEX,0,RF,lag33,0.005938891567045312
IMOEX,0,RF,lag34,0.0035637332175949767
IMOEX,0,RF,lag35,0.0059831956020120905
IMOEX,0,RF,lag36,0.007912713603250231
IMOEX,0,RF,lag37,0.001570115026284796
IMOEX,0,RF,lag38,0.002532325328821037
IMOEX,0,RF,lag39,0.0017703104524227145
IMOEX,0,RF,lag40,0.003273192434478599
IMOEX,0,RF,lag41,0.002222163550530734
IMOEX,0,RF,lag42,0.002512600957006645
IMOEX,0,RF,lag43,0.00273139722102672
IMOEX,0,RF,lag44,0.0032081494964907673
IMOEX,0,RF,lag45,0.0034122633182872356
IMOEX,0,RF,lag46,0.0020857390456845756
IMOEX,0,RF,lag47,0.0025715372883504412
IMOEX,0,RF,lag48,0.0011396805632691437
IMOEX,0,RF,lag49,0.0027187448149572817
IMOEX,0,RF,lag50,0.002820860843072171
IMOEX,0,RF,lag51,0.002130379151937973
IMOEX,0,RF,lag52,0.004396851400684433
IMOEX,0,RF,lag53,0.004207260710872199
IMOEX,0,RF,lag54,0.005359087860055129
IMOEX,0,RF,lag55,0.007572004172280364
IMOEX,0,RF,lag56,0.005945889893719399
IMOEX,0,RF,lag57,0.005315817683583254
IMOEX,0,RF,lag58,0.005895269660781964
IMOEX,0,RF,lag59,0.016830847946437674
IMOEX,0,RF,lag60,0.004284793425023825
IMOEX,0,RF,Brent_lag1,0.006849413015565512
IMOEX,0,RF,Brent_lag2,0.007927946953492455
IMOEX,0,RF,Brent_lag3,0.013931729985138294
IMOEX,0,RF,Brent_lag4,0.007523918985844153
IMOEX,0,RF,Brent_lag5,0.011192803390903071
IMOEX,0,RF,Brent_lag6,0.0031995606867087573
IMOEX,0,RF,Brent_lag7,0.002407816964433403
IMOEX,0,RF,Brent_lag8,0.005295204995384809
IMOEX,0,RF,Brent_lag9,0.0068251875832074345
IMOEX,0,RF,Brent_lag10,0.004056806671918399
IMOEX,0,RF,Brent_lag11,0.0037981055719734794
IMOEX,0,RF,Brent_lag12,0.003322235781168634
IMOEX,0,RF,Brent_lag13,0.005639188068818955
IMOEX,0,RF,Brent_lag14,0.009589648156472218
IMOEX,0,RF,Brent_lag15,0.004063106571404367
IMOEX,0,RF,Brent_lag16,0.012516855607618171
IMOEX,0,RF,Brent_lag17,0.021237466916786837
IMOEX,0,RF,Brent_lag18,0.012980142734292403
IMOEX,0,RF,Brent_lag19,0.056162090285165056
IMOEX,0,RF,Brent_lag20,0.01820672716495624
IMOEX,0,RF,Brent_lag21,0.005051264275796301
IMOEX,0,RF,Brent_lag22,0.016601354060728095
IMOEX,0,RF,Brent_lag23,0.01835136177964831
IMOEX,0,RF,Brent_lag24,0.011637284450302343
IMOEX,0,RF,USD_lag1,0.02074086024258546
IMOEX,0,RF,USD_lag2,0.011913645725601505
IMOEX,0,RF,USD_lag3,0.005154640300959662
IMOEX,0,RF,USD_lag4,0.006112700405936784
IMOEX,0,RF,USD_lag5,0.011692322371185747
IMOEX,0,RF,USD_lag6,0.006365889119109166
IMOEX,0,RF,USD_lag7,0.010012102478659069
IMOEX,0,RF,USD_lag8,0.005329427584310773
IMOEX,0,RF,USD_lag9,0.010646306208894153
IMOEX,0,RF,USD_lag10,0.008933236750608371
IMOEX,0,RF,USD_lag11,0.005300970158192944
IMOEX,0,RF,USD_lag12,0.003757935392659911
IMOEX,0,RF,USD_lag13,0.01053411441210776
IMOEX,0,RF,USD_lag14,0.011927331192933347
IMOEX,0,RF,USD_lag15,0.008445479783847793
IMOEX,0,RF,USD_lag16,0.008609382530698317
IMOEX,0,RF,USD_lag17,0.003874494501328004
IMOEX,0,RF,USD_lag18,0.013886655804404962
IMOEX,0,RF,USD_lag19,0.005096520913230152
IMOEX,0,RF,USD_lag20,0.006833630496038279
IMOEX,0,RF,USD_lag21,0.006885093971274549
IMOEX,0,RF,USD_lag22,0.006092768595669708
IMOEX,0,RF,USD_lag23,0.008744620957009031
IMOEX,0,RF,USD_lag24,0.015710503061888672
IMOEX,0,CatBoost,Open,0.003927004423879788
IMOEX,0,CatBoost,High,0.0021254451707515385
IMOEX,0,CatBoost,Low,0.00017326607388862551
IMOEX,0,CatBoost,Close,0.0037317796280296966
IMOEX,0,CatBoost,Value,0.04743164712435663
IMOEX,0,CatBoost,Volume,0.0
IMOEX,0,CatBoost,SMA_5,0.0017743499715857796
IMOEX,0,CatBoost,SMA_10,0.0034499876024604195
IMOEX,0,CatBoost,SMA_20,0.0005819786774391644
IMOEX,0,CatBoost,EMA_5,0.002545571999998658
IMOEX,0,CatBoost,EMA_10,0.0002363838956176308
IMOEX,0,CatBoost,EMA_20,0.004762025483265025
IMOEX,0,CatBoost,BBH,0.0007178373959856046
IMOEX,0,CatBoost,BBL,0.002459239585175377
IMOEX,0,CatBoost,RSI_50,0.009257819819236441
IMOEX,0,CatBoost,StochK,0.02667306695058605
IMOEX,0,CatBoost,StochD,0.025762056573614862
IMOEX,0,CatBoost,ATR_50,0.005672466003878441
IMOEX,0,CatBoost,OBV,0.0
IMOEX,0,CatBoost,MACD,0.017271628607701806
IMOEX,0,CatBoost,MACD_SIGNAL,0.0074553570908235675
IMOEX,0,CatBoost,MACD_DIFF,0.01947586117772812
IMOEX,0,CatBoost,ADX_14,0.0031511731466621487
IMOEX,0,CatBoost,CCI_20,0.016670396216941243
IMOEX,0,CatBoost,ROC_10,0.029061813784791238
IMOEX,0,CatBoost,WILLR_14,0.020404360851315546
IMOEX,0,CatBoost,lag1,0.003007232372535316
IMOEX,0,CatBoost,lag2,0.006331316956156569
IMOEX,0,CatBoost,lag3,0.0020730383402968984
IMOEX,0,CatBoost,lag4,0.006198860920631788
IMOEX,0,CatBoost,lag5,0.0032394899434604538
IMOEX,0,CatBoost,lag6,0.008408005840992506
IMOEX,0,CatBoost,lag7,0.005938475964933832
IMOEX,0,CatBoost,lag8,0.004511419572490082
IMOEX,0,CatBoost,lag9,0.006205754989898054
IMOEX,0,CatBoost,lag10,0.0011465347170934517
IMOEX,0,CatBoost,lag11,0.0032558802552329997
IMOEX,0,CatBoost,lag12,0.005667316121581165
IMOEX,0,CatBoost,lag13,0.0036552200980983517
IMOEX,0,CatBoost,lag14,0.002764639400749196
IMOEX,0,CatBoost,lag15,0.0023031606352182524
IMOEX,0,CatBoost,lag16,0.003900257363190523
IMOEX,0,CatBoost,lag17,0.002906812712734379
IMOEX,0,CatBoost,lag18,0.0020910692857987697
IMOEX,0,CatBoost,lag19,0.0023250590428940347
IMOEX,0,CatBoost,lag20,0.0026703731912609977
IMOEX,0,CatBoost,lag21,0.005345211208237301
IMOEX,0,CatBoost,lag22,0.003299017295293281
IMOEX,0,CatBoost,lag23,0.00413380818001458
IMOEX,0,CatBoost,lag24,0.0042891772425330665
IMOEX,0,CatBoost,lag25,0.004299180913599705
IMOEX,0,CatBoost,lag26,0.003151072543926612
IMOEX,0,CatBoost,lag27,0.005968933042858567
IMOEX,0,CatBoost,lag28,0.006787601671689687
IMOEX,0,CatBoost,lag29,0.005415176993952789
IMOEX,0,CatBoost,lag30,0.0040079820613288806
IMOEX,0,CatBoost,lag31,0.004224489575688175
IMOEX,0,CatBoost,lag32,0.0029981809524160445
IMOEX,0,CatBoost,lag33,0.006800140542308448
IMOEX,0,CatBoost,lag34,0.0019452104098304354
IMOEX,0,CatBoost,lag35,0.00558153381830401
IMOEX,0,CatBoost,lag36,0.008652776845051377
IMOEX,0,CatBoost,lag37,0.002097509619710792
IMOEX,0,CatBoost,lag38,0.003593839674305922
IMOEX,0,CatBoost,lag39,0.004175490471030079
IMOEX,0,CatBoost,lag40,0.006455163854667294
IMOEX,0,CatBoost,lag41,0.005287459335360532
IMOEX,0,CatBoost,lag42,0.006320475194536707
IMOEX,0,CatBoost,lag43,0.006086369933232926
IMOEX,0,CatBoost,lag44,0.005114848517553084
IMOEX,0,CatBoost,lag45,0.009105585711247376
IMOEX,0,CatBoost,lag46,0.0024974928913277365
IMOEX,0,CatBoost,lag47,0.006066267147577281
IMOEX,0,CatBoost,lag48,0.0031316691864469465
IMOEX,0,CatBoost,lag49,0.004252405168370595
IMOEX,0,CatBoost,lag50,0.0015419959049488934
IMOEX,0,CatBoost,lag51,0.0010325803423894629
IMOEX,0,CatBoost,lag52,0.005061838926141044
IMOEX,0,CatBoost,lag53,0.0020805902077123727
IMOEX,0,CatBoost,lag54,0.002890315664478916
IMOEX,0,CatBoost,lag55,0.005511101969329382
IMOEX,0,CatBoost,lag56,0.00982905797479967
IMOEX,0,CatBoost,lag57,0.005072030890215871
IMOEX,0,CatBoost,lag58,0.003958903177566567
IMOEX,0,CatBoost,lag59,0.0035500292268187137
IMOEX,0,CatBoost,lag60,0.004514346771519742
IMOEX,0,CatBoost,Brent_lag1,0.01037363068155204
IMOEX,0,CatBoost,Brent_lag2,0.011463538321460371
IMOEX,0,CatBoost,Brent_lag3,0.00748932683502159
IMOEX,0,CatBoost,Brent_lag4,0.009049588149142708
IMOEX,0,CatBoost,Brent_lag5,0.010596844219084606
IMOEX,0,CatBoost,Brent_lag6,0.005434822710261754
IMOEX,0,CatBoost,Brent_lag7,0.006917987785062057
IMOEX,0,CatBoost,Brent_lag8,0.004445029752384467
IMOEX,0,CatBoost,Brent_lag9,0.009256101593728052
IMOEX,0,CatBoost,Brent_lag10,0.014901820235243831
IMOEX,0,CatBoost,Brent_lag11,0.007946548453471888
IMOEX,0,CatBoost,Brent_lag12,0.008483459723685307
IMOEX,0,CatBoost,Brent_lag13,0.007277193395418267
IMOEX,0,CatBoost,Brent_lag14,0.004508658269507226
IMOEX,0,CatBoost,Brent_lag15,0.00670862860144021
IMOEX,0,CatBoost,Brent_lag16,0.00584703987701363
IMOEX,0,CatBoost,Brent_lag17,0.0066010073876363986
IMOEX,0,CatBoost,Brent_lag18,0.008286129015474533
IMOEX,0,CatBoost,Brent_lag19,0.01621657498393714
IMOEX,0,CatBoost,Brent_lag20,0.005087075056591902
IMOEX,0,CatBoost,Brent_lag21,0.004288705133214214
IMOEX,0,CatBoost,Brent_lag22,0.00645736456288663
IMOEX,0,CatBoost,Brent_lag23,0.008802391738115338
IMOEX,0,CatBoost,Brent_lag24,0.004967652391975562
IMOEX,0,CatBoost,USD_lag1,0.022566561086166833
IMOEX,0,CatBoost,USD_lag2,0.018803473430241833
IMOEX,0,CatBoost,USD_lag3,0.012096148134945393
IMOEX,0,CatBoost,USD_lag4,0.017028102072305682
IMOEX,0,CatBoost,USD_lag5,0.019962195660458402
IMOEX,0,CatBoost,USD_lag6,0.00940552331545462
IMOEX,0,CatBoost,USD_lag7,0.011649410978249435
IMOEX,0,CatBoost,USD_lag8,0.010355949691971067
IMOEX,0,CatBoost,USD_lag9,0.013464346342616996
IMOEX,0,CatBoost,USD_lag10,0.014571159814698385
IMOEX,0,CatBoost,USD_lag11,0.005854423249381186
IMOEX,0,CatBoost,USD_lag12,0.012745308291944467
IMOEX,0,CatBoost,USD_lag13,0.011898833581759182
IMOEX,0,CatBoost,USD_lag14,0.009444310855126373
IMOEX,0,CatBoost,USD_lag15,0.009586819504581765
IMOEX,0,CatBoost,USD_lag16,0.01075258109176502
IMOEX,0,CatBoost,USD_lag17,0.005226342606875784
IMOEX,0,CatBoost,USD_lag18,0.009357405398634949
IMOEX,0,CatBoost,USD_lag19,0.006472760375067017
IMOEX,0,CatBoost,USD_lag20,0.007265993523241982
IMOEX,0,CatBoost,USD_lag21,0.008242354396752513
IMOEX,0,CatBoost,USD_lag22,0.009717775503322692
IMOEX,0,CatBoost,USD_lag23,0.014428118580028739
IMOEX,0,CatBoost,USD_lag24,0.01819768760181808
IMOEX,1,RF,Open,0.0038672486817360394
IMOEX,1,RF,High,0.0050162168635363436
IMOEX,1,RF,Low,0.0017939374920425582
IMOEX,1,RF,Close,0.004915889053228829
IMOEX,1,RF,Value,0.0073784202484684135
IMOEX,1,RF,Volume,0.0
IMOEX,1,RF,SMA_5,0.0024648276985975775
IMOEX,1,RF,SMA_10,0.00444147766495829
IMOEX,1,RF,SMA_20,0.006624818963543021
IMOEX,1,RF,EMA_5,0.006340864980320547
IMOEX,1,RF,EMA_10,0.006745140731478959
IMOEX,1,RF,EMA_20,0.003545422270953017
IMOEX,1,RF,BBH,0.0054578300036606485
IMOEX,1,RF,BBL,0.0022317381645748104
IMOEX,1,RF,RSI_50,0.04943020455143196
IMOEX,1,RF,StochK,0.014196996192610611
IMOEX,1,RF,StochD,0.014233910497647464
IMOEX,1,RF,ATR_50,0.03543991301213674
IMOEX,1,RF,OBV,0.0
IMOEX,1,RF,MACD,0.021100061543407975
IMOEX,1,RF,MACD_SIGNAL,0.013671689449603605
IMOEX,1,RF,MACD_DIFF,0.010929988718745865
IMOEX,1,RF,ADX_14,0.01651818902314752
IMOEX,1,RF,CCI_20,0.01304009138773267
IMOEX,1,RF,ROC_10,0.06569156166077554
IMOEX,1,RF,WILLR_14,0.014413685173868413
IMOEX,1,RF,lag1,0.009371628261750926
IMOEX,1,RF,lag2,0.003453738532193165
IMOEX,1,RF,lag3,0.001940997475078796
IMOEX,1,RF,lag4,0.0020103012937581974
IMOEX,1,RF,lag5,0.0011957520914862628
IMOEX,1,RF,lag6,0.006135423802702228
IMOEX,1,RF,lag7,0.0051106879956732895
IMOEX,1,RF,lag8,0.005509519294768538
IMOEX,1,RF,lag9,0.00644956351211841
IMOEX,1,RF,lag10,0.0031956681874925072
IMOEX,1,RF,lag11,0.0018380642015148484
IMOEX,1,RF,lag12,0.0024497534823983355
IMOEX,1,RF,lag13,0.008472035949199338
IMOEX,1,RF,lag14,0.0018560136273784594
IMOEX,1,RF,lag15,0.03690047927070016
IMOEX,1,RF,lag16,0.011807633601774847
IMOEX,1,RF,lag17,0.007864501614669834
IMOEX,1,RF,lag18,0.004034744792340544
IMOEX,1,RF,lag19,0.018449504319735077
IMOEX,1,RF,lag20,0.010560197914946863
IMOEX,1,RF,lag21,0.008598910531051844
IMOEX,1,RF,lag22,0.005431268638766422
IMOEX,1,RF,lag23,0.011192789004324013
IMOEX,1,RF,lag24,0.00415290348992197
IMOEX,1,RF,lag25,0.005486870859044758
IMOEX,1,RF,lag26,0.005910422176570018
IMOEX,1,RF,lag27,0.002501640416795819
IMOEX,1,RF,lag28,0.013021731308850903
IMOEX,1,RF,lag29,0.0025144688847397495
IMOEX,1,RF,lag30,0.0031376424063825244
IMOEX,1,RF,lag31,0.001333131656748139
IMOEX,1,RF,lag32,0.0018275118719686709
IMOEX,1,RF,lag33,0.00706234280367834
IMOEX,1,RF,lag34,0.0046729613404981945
IMOEX,1,RF,lag35,0.0016212432105739507
IMOEX,1,RF,lag36,0.0040724715907668315
IMOEX,1,RF,lag37,0.001910847372429672
IMOEX,1,RF,lag38,0.0014362243375267035
IMOEX,1,RF,lag39,0.005183441287999656
IMOEX,1,RF,lag40,0.0025021449903540093
IMOEX,1,RF,lag41,0.00507456132959093
IMOEX,1,RF,lag42,0.004352710271877254
IMOEX,1,RF,lag43,0.004999105117874969
IMOEX,1,RF,lag44,0.005734661884391366
IMOEX,1,RF,lag45,0.002407374876839347
IMOEX,1,RF,lag46,0.0019231583613228476
IMOEX,1,RF,lag47,0.001465652362334442
IMOEX,1,RF,lag48,0.004024580569595696
IMOEX,1,RF,lag49,0.0019182548211673699
IMOEX,1,RF,lag50,0.0009304335926265068
IMOEX,1,RF,lag51,0.019676189999480072
IMOEX,1,RF,lag52,0.009784902979813524
IMOEX,1,RF,lag53,0.011071408636876364
IMOEX,1,RF,lag54,0.005499103932740293
IMOEX,1,RF,lag55,0.004078681313742556
IMOEX,1,RF,lag56,0.003909357409984965
IMOEX,1,RF,lag57,0.004469238622858829
IMOEX,1,RF,lag58,0.0025049168901030605
IMOEX,1,RF,lag59,0.00832198598088196
IMOEX,1,RF,lag60,0.002587410115410566
IMOEX,1,RF,Brent_lag1,0.012872322295786736
IMOEX,1,RF,Brent_lag2,0.004149738674862897
IMOEX,1,RF,Brent_lag3,0.0023507025140251728
IMOEX,1,RF,Brent_lag4,0.0028987389698560415
IMOEX,1,RF,Brent_lag5,0.0024450346421304703
IMOEX,1,RF,Brent_lag6,0.004253995562175597
IMOEX,1,RF,Brent_lag7,0.004251194994625768
IMOEX,1,RF,Brent_lag8,0.0028481869209748536
IMOEX,1,RF,Brent_lag9,0.0033023643621145826
IMOEX,1,RF,Brent_lag10,0.0032834671443540517
IMOEX,1,RF,Brent_lag11,0.0014224926847414927
IMOEX,1,RF,Brent_lag12,0.0027947671849290457
IMOEX,1,RF,Brent_lag13,0.00356404044204522
IMOEX,1,RF,Brent_lag14,0.00512595917650945
IMOEX,1,RF,Brent_lag15,0.004550946453771651
IMOEX,1,RF,Brent_lag16,0.014747521937980766
IMOEX,1,RF,Brent_lag17,0.008478450873424389
IMOEX,1,RF,Brent_lag18,0.008351678381746655
IMOEX,1,RF,Brent_lag19,0.035255046330493874
IMOEX,1,RF,Brent_lag20,0.007573195760124753
IMOEX,1,RF,Brent_lag21,0.005103387619624414
IMOEX,1,RF,Brent_lag22,0.007136770101149754
IMOEX,1,RF,Brent_lag23,0.011650378003818799
IMOEX,1,RF,Brent_lag24,0.0045932855853876315
IMOEX,1,RF,USD_lag1,0.012136539530967397
IMOEX,1,RF,USD_lag2,0.004507312950143972
IMOEX,1,RF,USD_lag3,0.005963897115547873
IMOEX,1,RF,USD_lag4,0.003247364860338014
IMOEX,1,RF,USD_lag5,0.006331875199386718
IMOEX,1,RF,USD_lag6,0.0029718458984643284
IMOEX,1,RF,USD_lag7,0.0065198789807163334
IMOEX,1,RF,USD_lag8,0.00852938842399389
IMOEX,1,RF,USD_lag9,0.005368778291156983
IMOEX,1,RF,USD_lag10,0.006342554555186035
IMOEX,1,RF,USD_lag11,0.0035822394828876674
IMOEX,1,RF,USD_lag12,0.0032608642621910935
IMOEX,1,RF,USD_lag13,0.006692731929025571
IMOEX,1,RF,USD_lag14,0.008741632751367785
IMOEX,1,RF,USD_lag15,0.0037654722389621016
IMOEX,1,RF,USD_lag16,0.00499218586349656
IMOEX,1,RF,USD_lag17,0.00955715626808315
IMOEX,1,RF,USD_lag18,0.0046356451243505965
IMOEX,1,RF,USD_lag19,0.0045133813332648934
IMOEX,1,RF,USD_lag20,0.004553082724057421
IMOEX,1,RF,USD_lag21,0.004314752184014445
IMOEX,1,RF,USD_lag22,0.007099715335178565
IMOEX,1,RF,USD_lag23,0.01880694433529248
IMOEX,1,RF,USD_lag24,0.014160103246878915
IMOEX,1,CatBoost,Open,0.0042368852705605585
IMOEX,1,CatBoost,High,0.0037982896099255153
IMOEX,1,CatBoost,Low,0.0013559209362325076
IMOEX,1,CatBoost,Close,0.0035158319376440844
IMOEX,1,CatBoost,Value,0.05767292429183972
IMOEX,1,CatBoost,Volume,0.0
IMOEX,1,CatBoost,SMA_5,0.0017655876191742565
IMOEX,1,CatBoost,SMA_10,0.0034920218655223097
IMOEX,1,CatBoost,SMA_20,0.0006029947680731358
IMOEX,1,CatBoost,EMA_5,0.002135274805442304
IMOEX,1,CatBoost,EMA_10,0.0034054472233599944
IMOEX,1,CatBoost,EMA_20,0.0008719449580757023
IMOEX,1,CatBoost,BBH,0.0010394527837997705
IMOEX,1,CatBoost,BBL,0.0016582912253723522
IMOEX,1,CatBoost,RSI_50,0.010707114298948484
IMOEX,1,CatBoost,StochK,0.0338021522194613
IMOEX,1,CatBoost,StochD,0.03373230855301206
IMOEX,1,CatBoost,ATR_50,0.009338421860772298
IMOEX,1,CatBoost,OBV,0.0
IMOEX,1,CatBoost,MACD,0.016906763323905144
IMOEX,1,CatBoost,MACD_SIGNAL,0.008677140833228287
IMOEX,1,CatBoost,MACD_DIFF,0.026713057070275454
IMOEX,1,CatBoost,ADX_14,0.01200495356051674
IMOEX,1,CatBoost,CCI_20,0.018767471902232494
IMOEX,1,CatBoost,ROC_10,0.01406852867311968
IMOEX,1,CatBoost,WILLR_14,0.034713346207092106
IMOEX,1,CatBoost,lag1,0.001482762709596587
IMOEX,1,CatBoost,lag2,0.004675781527650476
IMOEX,1,CatBoost,lag3,0.003173956628130431
IMOEX,1,CatBoost,lag4,0.004267487373650806
IMOEX,1,CatBoost,lag5,0.0021430336408743656
IMOEX,1,CatBoost,lag6,0.006658661779020973
IMOEX,1,CatBoost,lag7,0.006246756109662857
IMOEX,1,CatBoost,lag8,0.004613583850344429
IMOEX,1,CatBoost,lag9,0.010658428920545414
IMOEX,1,CatBoost,lag10,0.0033486188328797307
IMOEX,1,CatBoost,lag11,0.0037650084217030716
IMOEX,1,CatBoost,lag12,0.0035085942380224337
IMOEX,1,CatBoost,lag13,0.002569215021845015
IMOEX,1,CatBoost,lag14,0.004054156310014897
IMOEX,1,CatBoost,lag15,0.0016005710228279833
IMOEX,1,CatBoost,lag16,0.0036831907049195037
IMOEX,1,CatBoost,lag17,0.003942353639202677
IMOEX,1,CatBoost,lag18,0.003268302479425893
IMOEX,1,CatBoost,lag19,0.0038356281455533504
IMOEX,1,CatBoost,lag20,0.004236784810873556
IMOEX,1,CatBoost,lag21,0.004204686637981359
IMOEX,1,CatBoost,lag22,0.004577751079335944
IMOEX,1,CatBoost,lag23,0.0015288068885782884
IMOEX,1,CatBoost,lag24,0.004314435814954394
IMOEX,1,CatBoost,lag25,0.004233574407905119
IMOEX,1,CatBoost,lag26,0.0044238608360486625
IMOEX,1,CatBoost,lag27,0.0031881239985895563
IMOEX,1,CatBoost,lag28,0.0033217674472059934
IMOEX,1,CatBoost,lag29,0.00526415775499185
IMOEX,1,CatBoost,lag30,0.0021961189184404816
IMOEX,1,CatBoost,lag31,0.0017237483071147915
IMOEX,1,CatBoost,lag32,0.0014220102547199038
IMOEX,1,CatBoost,lag33,0.002755931453683248
IMOEX,1,CatBoost,lag34,0.0004228655589971512
IMOEX,1,CatBoost,lag35,0.002672350414176856
IMOEX,1,CatBoost,lag36,0.0028978870481057633
IMOEX,1,CatBoost,lag37,0.0015354321071211188
IMOEX,1,CatBoost,lag38,0.003410602591837743
IMOEX,1,CatBoost,lag39,0.004544294134072672
IMOEX,1,CatBoost,lag40,0.004345050567538982
IMOEX,1,CatBoost,lag41,0.004646922243770144
IMOEX,1,CatBoost,lag42,0.00586415173278329
IMOEX,1,CatBoost,lag43,0.0028320297783925954
IMOEX,1,CatBoost,lag44,0.0021252361868289637
IMOEX,1,CatBoost,lag45,0.005330665230487858
IMOEX,1,CatBoost,lag46,0.0021463870761674044
IMOEX,1,CatBoost,lag47,0.0038772613284302404
IMOEX,1,CatBoost,lag48,0.0019198485456973803
IMOEX,1,CatBoost,lag49,0.004336027156603861
IMOEX,1,CatBoost,lag50,0.004739880918453976
IMOEX,1,CatBoost,lag51,0.002814329696474885
IMOEX,1,CatBoost,lag52,0.005414312358873557
IMOEX,1,CatBoost,lag53,0.003834291851419485
IMOEX,1,CatBoost,lag54,0.002757056184736507
IMOEX,1,CatBoost,lag55,0.0024883442300712285
IMOEX,1,CatBoost,lag56,0.005087164479721691
IMOEX,1,CatBoost,lag57,0.0024327899713819153
IMOEX,1,CatBoost,lag58,0.0019259199154866955
IMOEX,1,CatBoost,lag59,0.002484061537090692
IMOEX,1,CatBoost,lag60,0.002970620843793516
IMOEX,1,CatBoost,Brent_lag1,0.005999672971373598
IMOEX,1,CatBoost,Brent_lag2,0.006329916089412358
IMOEX,1,CatBoost,Brent_lag3,0.0125237567479404
IMOEX,1,CatBoost,Brent_lag4,0.010493117745235168
IMOEX,1,CatBoost,Brent_lag5,0.005297526458845422
IMOEX,1,CatBoost,Brent_lag6,0.005925574097712291
IMOEX,1,CatBoost,Brent_lag7,0.00954139365473292
IMOEX,1,CatBoost,Brent_lag8,0.004255430930767327
IMOEX,1,CatBoost,Brent_lag9,0.004005123718679459
IMOEX,1,CatBoost,Brent_lag10,0.012540017381988443
IMOEX,1,CatBoost,Brent_lag11,0.0032181309874681086
IMOEX,1,CatBoost,Brent_lag12,0.009951185805079631
IMOEX,1,CatBoost,Brent_lag13,0.006644896461852588
IMOEX,1,CatBoost,Brent_lag14,0.0042631162201514725
IMOEX,1,CatBoost,Brent_lag15,0.00843910459939803
IMOEX,1,CatBoost,Brent_lag16,0.01195655885910897
IMOEX,1,CatBoost,Brent_lag17,0.006521209743209591
IMOEX,1,CatBoost,Brent_lag18,0.005568738168212783
IMOEX,1,CatBoost,Brent_lag19,0.0055225720723112
IMOEX,1,CatBoost,Brent_lag20,0.0076879912653884455
IMOEX,1,CatBoost,Brent_lag21,0.005788485056663713
IMOEX,1,CatBoost,Brent_lag22,0.005645911888413072
IMOEX,1,CatBoost,Brent_lag23,0.011432227635633844
IMOEX,1,CatBoost,Brent_lag24,0.0053384289686051025
IMOEX,1,CatBoost,USD_lag1,0.018006362978282443
IMOEX,1,CatBoost,USD_lag2,0.012785099935341122
IMOEX,1,CatBoost,USD_lag3,0.012623358708805828
IMOEX,1,CatBoost,USD_lag4,0.011944111869938432
IMOEX,1,CatBoost,USD_lag5,0.01846251615042516
IMOEX,1,CatBoost,USD_lag6,0.014582977320100525
IMOEX,1,CatBoost,USD_lag7,0.011654076297891001
IMOEX,1,CatBoost,USD_lag8,0.008390605496024096
IMOEX,1,CatBoost,USD_lag9,0.0097544295472834
IMOEX,1,CatBoost,USD_lag10,0.019220698864108245
IMOEX,1,CatBoost,USD_lag11,0.011643594449633247
IMOEX,1,CatBoost,USD_lag12,0.01388068124687748
IMOEX,1,CatBoost,USD_lag13,0.01145071806273439
IMOEX,1,CatBoost,USD_lag14,0.011299141370647954
IMOEX,1,CatBoost,USD_lag15,0.01618428119601097
IMOEX,1,CatBoost,USD_lag16,0.012076521965043269
IMOEX,1,CatBoost,USD_lag17,0.011720451259839414
IMOEX,1,CatBoost,USD_lag18,0.00830580060569329
IMOEX,1,CatBoost,USD_lag19,0.008251616604128181
IMOEX,1,CatBoost,USD_lag20,0.006922714461885243
IMOEX,1,CatBoost,USD_lag21,0.011534616003339743
IMOEX,1,CatBoost,USD_lag22,0.014346355849417005
IMOEX,1,CatBoost,USD_lag23,0.017056872712789575
IMOEX,1,CatBoost,USD_lag24,0.013286550063179567
IMOEX,2,RF,Open,0.002728857235684205
IMOEX,2,RF,High,0.006119853886394382
IMOEX,2,RF,Low,0.03731889074351865
IMOEX,2,RF,Close,0.0082685244042017
IMOEX,2,RF,Value,0.017516035948185002
IMOEX,2,RF,Volume,0.0
IMOEX,2,RF,SMA_5,0.0071556793793217215
IMOEX,2,RF,SMA_10,0.002590955628913358
IMOEX,2,RF,SMA_20,0.0008741270731879685
IMOEX,2,RF,EMA_5,0.007177706933974665
IMOEX,2,RF,EMA_10,0.0018540651981906909
IMOEX,2,RF,EMA_20,0.002042219678051273
IMOEX,2,RF,BBH,0.006320809561173433
IMOEX,2,RF,BBL,0.009492625872169126
IMOEX,2,RF,RSI_50,0.060540747543132586
IMOEX,2,RF,StochK,0.01898261137989133
IMOEX,2,RF,StochD,0.015350399402807314
IMOEX,2,RF,ATR_50,0.020587594343607685
IMOEX,2,RF,OBV,0.0
IMOEX,2,RF,MACD,0.018212039645647566
IMOEX,2,RF,MACD_SIGNAL,0.011472775647473541
IMOEX,2,RF,MACD_DIFF,0.015228687174230607
IMOEX,2,RF,ADX_14,0.012774245024493825
IMOEX,2,RF,CCI_20,0.02123352758673622
IMOEX,2,RF,ROC_10,0.034003856596347116
IMOEX,2,RF,WILLR_14,0.022639857092395972
IMOEX,2,RF,lag1,0.004039772363456164
IMOEX,2,RF,lag2,0.0041172482276128335
IMOEX,2,RF,lag3,0.013853328310348634
IMOEX,2,RF,lag4,0.004525241883041174
IMOEX,2,RF,lag5,0.002899722928452286
IMOEX,2,RF,lag6,0.006022838275741038
IMOEX,2,RF,lag7,0.003426622355312364
IMOEX,2,RF,lag8,0.004084133723681852
IMOEX,2,RF,lag9,0.002322977519733224
IMOEX,2,RF,lag10,0.0047251723389073125
IMOEX,2,RF,lag11,0.0027823713436665345
IMOEX,2,RF,lag12,0.005692946861338621
IMOEX,2,RF,lag13,0.007844382920589206
IMOEX,2,RF,lag14,0.0021217204113733517
IMOEX,2,RF,lag15,0.017153327685425195
IMOEX,2,RF,lag16,0.02269849101477176
IMOEX,2,RF,lag17,0.005721862649922218
IMOEX,2,RF,lag18,0.00402622542981409
IMOEX,2,RF,lag19,0.004240381594887866
IMOEX,2,RF,lag20,0.0013564095606199277
IMOEX,2,RF,lag21,0.003164751458463791
IMOEX,2,RF,lag22,0.004153186217318414
IMOEX,2,RF,lag23,0.0036910837359799987
IMOEX,2,RF,lag24,0.003166124533387702
IMOEX,2,RF,lag25,0.006471813418597788
IMOEX,2,RF,lag26,0.010910659091561742
IMOEX,2,RF,lag27,0.002296780873868976
IMOEX,2,RF,lag28,0.004760874240838041
IMOEX,2,RF,lag29,0.0030659456880199783
IMOEX,2,RF,lag30,0.0024419065949916508
IMOEX,2,RF,lag31,0.002644533797339688
IMOEX,2,RF,lag32,0.0035848538665108126
IMOEX,2,RF,lag33,0.007497545037420277
IMOEX,2,RF,lag34,0.008909547022283604
IMOEX,2,RF,lag35,0.0035986356937388725
IMOEX,2,RF,lag36,0.0037811061961382183
IMOEX,2,RF,lag37,0.006325710588028155
IMOEX,2,RF,lag38,0.005663392855063417
IMOEX,2,RF,lag39,0.005917752639622588
IMOEX,2,RF,lag40,0.001962107846351558
IMOEX,2,RF,lag41,0.0034706801087853417
IMOEX,2,RF,lag42,0.0036684987597454125
IMOEX,2,RF,lag43,0.0033166129148402093
IMOEX,2,RF,lag44,0.004141980107739434
IMOEX,2,RF,lag45,0.002191845865777343
IMOEX,2,RF,lag46,0.0038955310589055643
IMOEX,2,RF,lag47,0.001552105137196083
IMOEX,2,RF,lag48,0.0023652170011435364
IMOEX,2,RF,lag49,0.00398903262023849
IMOEX,2,RF,lag50,0.008156562215728845
IMOEX,2,RF,lag51,0.003358651177040144
IMOEX,2,RF,lag52,0.004831182433582966
IMOEX,2,RF,lag53,0.0044563747504153895
IMOEX,2,RF,lag54,0.005890130949707663
IMOEX,2,RF,lag55,0.004770962225803812
IMOEX,2,RF,lag56,0.002413330561844662
IMOEX,2,RF,lag57,0.0029904018219836423
IMOEX,2,RF,lag58,0.0025769506926758725
IMOEX,2,RF,lag59,0.002809734227944741
IMOEX,2,RF,lag60,0.005963897203050313
IMOEX,2,RF,Brent_lag1,0.006859850546122609
IMOEX,2,RF,Brent_lag2,0.0032025910581995223
IMOEX,2,RF,Brent_lag3,0.0020345426223235823
IMOEX,2,RF,Brent_lag4,0.0026757489492308497
IMOEX,2,RF,Brent_lag5,0.0028892517223659455
IMOEX,2,RF,Brent_lag6,0.003034013523033564
IMOEX,2,RF,Brent_lag7,0.0029824884560525197
IMOEX,2,RF,Brent_lag8,0.004276134205260655
IMOEX,2,RF,Brent_lag9,0.0025088832973268263
IMOEX,2,RF,Brent_lag10,0.0040134942577491825
IMOEX,2,RF,Brent_lag11,0.004128377878325637
IMOEX,2,RF,Brent_lag12,0.0025990742652340724
IMOEX,2,RF,Brent_lag13,0.00299241730009491
IMOEX,2,RF,Brent_lag14,0.0032685113297721067
IMOEX,2,RF,Brent_lag15,0.0036924501289653535
IMOEX,2,RF,Brent_lag16,0.0018444488007135962
IMOEX,2,RF,Brent_lag17,0.0035431964672227667
IMOEX,2,RF,Brent_lag18,0.012013216042809806
IMOEX,2,RF,Brent_lag19,0.008258629652233583
IMOEX,2,RF,Brent_lag20,0.002869216445315001
IMOEX,2,RF,Brent_lag21,0.00396642578605873
IMOEX,2,RF,Brent_lag22,0.006749221398193557
IMOEX,2,RF,Brent_lag23,0.009653309901166095
IMOEX,2,RF,Brent_lag24,0.01085702772036356
IMOEX,2,RF,USD_lag1,0.005579975296419639
IMOEX,2,RF,USD_lag2,0.007246886218947256
IMOEX,2,RF,USD_lag3,0.00538887060342138
IMOEX,2,RF,USD_lag4,0.010225084738552843
IMOEX,2,RF,USD_lag5,0.013874111856399092
IMOEX,2,RF,USD_lag6,0.011441446404497325
IMOEX,2,RF,USD_lag7,0.005541941356441906
IMOEX,2,RF,USD_lag8,0.032189075303961735
IMOEX,2,RF,USD_lag9,0.006417025343923532
IMOEX,2,RF,USD_lag10,0.008297654423836578
IMOEX,2,RF,USD_lag11,0.017569795188435145
IMOEX,2,RF,USD_lag12,0.0067852230330843625
IMOEX,2,RF,USD_lag13,0.038612745398208324
IMOEX,2,RF,USD_lag14,0.004202730435420168
IMOEX,2,RF,USD_lag15,0.0059714650247483115
IMOEX,2,RF,USD_lag16,0.004244978268760197
IMOEX,2,RF,USD_lag17,0.0062791277911234435
IMOEX,2,RF,USD_lag18,0.007153258955995791
IMOEX,2,RF,USD_lag19,0.015908645927848505
IMOEX,2,RF,USD_lag20,0.0036889838442033113
IMOEX,2,RF,USD_lag21,0.0050358498109688106
IMOEX,2,RF,USD_lag22,0.005568672834289274
IMOEX,2,RF,USD_lag23,0.0034660263799828695
IMOEX,2,RF,USD_lag24,0.003438040198295859
IMOEX,2,CatBoost,Open,0.007053403113703377
IMOEX,2,CatBoost,High,0.0008537027911211992
IMOEX,2,CatBoost,Low,0.002059907945231435
IMOEX,2,CatBoost,Close,0.007332979896737477
IMOEX,2,CatBoost,Value,0.05321676804915903
IMOEX,2,CatBoost,Volume,0.0
IMOEX,2,CatBoost,SMA_5,0.00296702191144924
IMOEX,2,CatBoost,SMA_10,0.0036252538847715773
IMOEX,2,CatBoost,SMA_20,0.0013197354402649396
IMOEX,2,CatBoost,EMA_5,0.0007286776125939314
IMOEX,2,CatBoost,EMA_10,0.0005786417077901046
IMOEX,2,CatBoost,EMA_20,0.002643250960044459
IMOEX,2,CatBoost,BBH,0.004020683304562522
IMOEX,2,CatBoost,BBL,0.0018446959302773913
IMOEX,2,CatBoost,RSI_50,0.017167926553968427
IMOEX,2,CatBoost,StochK,0.020662312982816473
IMOEX,2,CatBoost,StochD,0.023295928876878026
IMOEX,2,CatBoost,ATR_50,0.008539825514683339
IMOEX,2,CatBoost,OBV,0.0
IMOEX,2,CatBoost,MACD,0.016581820434774176
IMOEX,2,CatBoost,MACD_SIGNAL,0.021800860844256306
IMOEX,2,CatBoost,MACD_DIFF,0.027482845572856178
IMOEX,2,CatBoost,ADX_14,0.024941828630716045
IMOEX,2,CatBoost,CCI_20,0.022586919685544476
IMOEX,2,CatBoost,ROC_10,0.028890602507241115
IMOEX,2,CatBoost,WILLR_14,0.02871478150617188
IMOEX,2,CatBoost,lag1,0.0012192649649948862
IMOEX,2,CatBoost,lag2,0.009480942752861663
IMOEX,2,CatBoost,lag3,0.0026265093670041185
IMOEX,2,CatBoost,lag4,0.0030674954476939574
IMOEX,2,CatBoost,lag5,0.002671303767232071
IMOEX,2,CatBoost,lag6,0.005658163102461536
IMOEX,2,CatBoost,lag7,0.0058997087285808944
IMOEX,2,CatBoost,lag8,0.002181024622887863
IMOEX,2,CatBoost,lag9,0.006090561215369035
IMOEX,2,CatBoost,lag10,0.002654988792406421
IMOEX,2,CatBoost,lag11,0.005106734807473791
IMOEX,2,CatBoost,lag12,0.003698814311242725
IMOEX,2,CatBoost,lag13,0.004771077662464794
IMOEX,2,CatBoost,lag14,0.004645194796708266
IMOEX,2,CatBoost,lag15,0.002049132084939526
IMOEX,2,CatBoost,lag16,0.004201066111256749
IMOEX,2,CatBoost,lag17,0.001897108521057168
IMOEX,2,CatBoost,lag18,0.0041150135042460735
IMOEX,2,CatBoost,lag19,0.004461172449422632
IMOEX,2,CatBoost,lag20,0.005549906215320329
IMOEX,2,CatBoost,lag21,0.004208892135566614
IMOEX,2,CatBoost,lag22,0.0017354142354881915
IMOEX,2,CatBoost,lag23,0.0034421915672432604
IMOEX,2,CatBoost,lag24,0.005752001291430961
IMOEX,2,CatBoost,lag25,0.003646944347686001
IMOEX,2,CatBoost,lag26,0.001560284576787302
IMOEX,2,CatBoost,lag27,0.00333367477237259
IMOEX,2,CatBoost,lag28,0.002611957630058221
IMOEX,2,CatBoost,lag29,0.007360710541331149
IMOEX,2,CatBoost,lag30,0.0034522464674589157
IMOEX,2,CatBoost,lag31,0.002749561223583428
IMOEX,2,CatBoost,lag32,0.0022582925151415825
IMOEX,2,CatBoost,lag33,0.0019708299724245535
IMOEX,2,CatBoost,lag34,0.002307564294370275
IMOEX,2,CatBoost,lag35,0.0008911031393284435
IMOEX,2,CatBoost,lag36,0.007475888625653967
IMOEX,2,CatBoost,lag37,0.0018995263551946885
IMOEX,2,CatBoost,lag38,0.003675476187066956
IMOEX,2,CatBoost,lag39,0.003504430305403167
IMOEX,2,CatBoost,lag40,0.0033058005798710416
IMOEX,2,CatBoost,lag41,0.0032511693534469023
IMOEX,2,CatBoost,lag42,0.003086559064322956
IMOEX,2,CatBoost,lag43,0.002942745113177699
IMOEX,2,CatBoost,lag44,0.002778681982892549
IMOEX,2,CatBoost,lag45,0.005020061827251655
IMOEX,2,CatBoost,lag46,0.0011924289146306149
IMOEX,2,CatBoost,lag47,0.0014444911157054595
IMOEX,2,CatBoost,lag48,0.0025112973932122874
IMOEX,2,CatBoost,lag49,0.0017095025507778442
IMOEX,2,CatBoost,lag50,0.002409304742568998
IMOEX,2,CatBoost,lag51,0.0011763401012922369
IMOEX,2,CatBoost,lag52,0.00185019299374642
IMOEX,2,CatBoost,lag53,0.003408416136469244
IMOEX,2,CatBoost,lag54,0.003041530197980251
IMOEX,2,CatBoost,lag55,0.004037647180045317
IMOEX,2,CatBoost,lag56,0.007211880192716977
IMOEX,2,CatBoost,lag57,0.0029376803655169034
IMOEX,2,CatBoost,lag58,0.0015279709838289897
IMOEX,2,CatBoost,lag59,0.0038465657840686877
IMOEX,2,CatBoost,lag60,0.00196177447156577
IMOEX,2,CatBoost,Brent_lag1,0.00828591913855194
IMOEX,2,CatBoost,Brent_lag2,0.007188292129095407
IMOEX,2,CatBoost,Brent_lag3,0.0071561974370049
IMOEX,2,CatBoost,Brent_lag4,0.01115481224179296
IMOEX,2,CatBoost,Brent_lag5,0.005102528558492086
IMOEX,2,CatBoost,Brent_lag6,0.006499266989330072
IMOEX,2,CatBoost,Brent_lag7,0.0037552011257719247
IMOEX,2,CatBoost,Brent_lag8,0.006509486338187682
IMOEX,2,CatBoost,Brent_lag9,0.009536818242548418
IMOEX,2,CatBoost,Brent_lag10,0.0066784366079334
IMOEX,2,CatBoost,Brent_lag11,0.005864549152506358
IMOEX,2,CatBoost,Brent_lag12,0.0064459260551482074
IMOEX,2,CatBoost,Brent_lag13,0.008474042460145695
IMOEX,2,CatBoost,Brent_lag14,0.007292965448126869
IMOEX,2,CatBoost,Brent_lag15,0.009755766009105306
IMOEX,2,CatBoost,Brent_lag16,0.008489065791611695
IMOEX,2,CatBoost,Brent_lag17,0.003355237892085104
IMOEX,2,CatBoost,Brent_lag18,0.006778581597276168
IMOEX,2,CatBoost,Brent_lag19,0.007903822704017977
IMOEX,2,CatBoost,Brent_lag20,0.004121767344086923
IMOEX,2,CatBoost,Brent_lag21,0.006265033232819149
IMOEX,2,CatBoost,Brent_lag22,0.009571531949401742
IMOEX,2,CatBoost,Brent_lag23,0.0047677437498695775
IMOEX,2,CatBoost,Brent_lag24,0.0027289694194036736
IMOEX,2,CatBoost,USD_lag1,0.012626012255103023
IMOEX,2,CatBoost,USD_lag2,0.019040154302784305
IMOEX,2,CatBoost,USD_lag3,0.009981259370258492
IMOEX,2,CatBoost,USD_lag4,0.016528832797631954
IMOEX,2,CatBoost,USD_lag5,0.010879923187626107
IMOEX,2,CatBoost,USD_lag6,0.008367663987494613
IMOEX,2,CatBoost,USD_lag7,0.013776557957687249
IMOEX,2,CatBoost,USD_lag8,0.011891638047249164
IMOEX,2,CatBoost,USD_lag9,0.008871186776573314
IMOEX,2,CatBoost,USD_lag10,0.01627008930985798
IMOEX,2,CatBoost,USD_lag11,0.014686551143516895
IMOEX,2,CatBoost,USD_lag12,0.023049875731156057
IMOEX,2,CatBoost,USD_lag13,0.013319553514661341
IMOEX,2,CatBoost,USD_lag14,0.012602170874282238
IMOEX,2,CatBoost,USD_lag15,0.013466648075259357
IMOEX,2,CatBoost,USD_lag16,0.01167586577799113
IMOEX,2,CatBoost,USD_lag17,0.008720658905476183
IMOEX,2,CatBoost,USD_lag18,0.009586586314849379
IMOEX,2,CatBoost,USD_lag19,0.007717576635621496
IMOEX,2,CatBoost,USD_lag20,0.0065557736227355645
IMOEX,2,CatBoost,USD_lag21,0.013669087247874311
IMOEX,2,CatBoost,USD_lag22,0.012945304009120437
IMOEX,2,CatBoost,USD_lag23,0.013647224114116717
IMOEX,2,CatBoost,USD_lag24,0.010997254314842726
IMOEX,3,RF,Open,0.003944271864787313
IMOEX,3,RF,High,0.006690040264896053
IMOEX,3,RF,Low,0.0039262991805527605
IMOEX,3,RF,Close,0.004809836408780489
IMOEX,3,RF,Value,0.024444309581913966
IMOEX,3,RF,Volume,0.0
IMOEX,3,RF,SMA_5,0.005965779927785508
IMOEX,3,RF,SMA_10,0.0018691516210656567
IMOEX,3,RF,SMA_20,0.0021658409624407114
IMOEX,3,RF,EMA_5,0.0013513748381556493
IMOEX,3,RF,EMA_10,0.003114555287604475
IMOEX,3,RF,EMA_20,0.0022196308373439743
IMOEX,3,RF,BBH,0.004002501253706405
IMOEX,3,RF,BBL,0.005715835625047009
IMOEX,3,RF,RSI_50,0.06891985386776346
IMOEX,3,RF,StochK,0.017183924033236833
IMOEX,3,RF,StochD,0.011823211642850207
IMOEX,3,RF,ATR_50,0.028933015995912605
IMOEX,3,RF,OBV,0.0
IMOEX,3,RF,MACD,0.02326947077243378
IMOEX,3,RF,MACD_SIGNAL,0.019134604647160505
IMOEX,3,RF,MACD_DIFF,0.012191992359925151
IMOEX,3,RF,ADX_14,0.014779732421654002
IMOEX,3,RF,CCI_20,0.024743462052949455
IMOEX,3,RF,ROC_10,0.03349511550429476
IMOEX,3,RF,WILLR_14,0.01795280122155403
IMOEX,3,RF,lag1,0.009655554994547181
IMOEX,3,RF,lag2,0.0107922538085496
IMOEX,3,RF,lag3,0.004517438951965709
IMOEX,3,RF,lag4,0.005137235841038068
IMOEX,3,RF,lag5,0.004072211212928646
IMOEX,3,RF,lag6,0.0059301840783633755
IMOEX,3,RF,lag7,0.003784967012233473
IMOEX,3,RF,lag8,0.0031185729103556546
IMOEX,3,RF,lag9,0.003658868788941413
IMOEX,3,RF,lag10,0.004432454432734508
IMOEX,3,RF,lag11,0.008421750307123301
IMOEX,3,RF,lag12,0.0035312121477978314
IMOEX,3,RF,lag13,0.004957464165914539
IMOEX,3,RF,lag14,0.0037670621924187375
IMOEX,3,RF,lag15,0.009602737252111061
IMOEX,3,RF,lag16,0.0038438222066274823
IMOEX,3,RF,lag17,0.004704692548904017
IMOEX,3,RF,lag18,0.0043878154667046036
IMOEX,3,RF,lag19,0.0026366730675301694
IMOEX,3,RF,lag20,0.0031843501534682865
IMOEX,3,RF,lag21,0.0038625549003047615
IMOEX,3,RF,lag22,0.009419518154722169
IMOEX,3,RF,lag23,0.007983658662029965
IMOEX,3,RF,lag24,0.002835524917766496
IMOEX,3,RF,lag25,0.0023395364046201093
IMOEX,3,RF,lag26,0.004890708157164715
IMOEX,3,RF,lag27,0.0035645168607873427
IMOEX,3,RF,lag28,0.005509030354787089
IMOEX,3,RF,lag29,0.0023740910906098517
IMOEX,3,RF,lag30,0.004324941355784921
IMOEX,3,RF,lag31,0.0015741466512784873
IMOEX,3,RF,lag32,0.001798851270129617
IMOEX,3,RF,lag33,0.0038032648738726754
IMOEX,3,RF,lag34,0.00453510615259098
IMOEX,3,RF,lag35,0.0020729318709819234
IMOEX,3,RF,lag36,0.0026180352220409216
IMOEX,3,RF,lag37,0.00609496796829919
IMOEX,3,RF,lag38,0.0025628592503627967
IMOEX,3,RF,lag39,0.006191082038908478
IMOEX,3,RF,lag40,0.003379999936234496
IMOEX,3,RF,lag41,0.004071716917935233
IMOEX,3,RF,lag42,0.005122999980439007
IMOEX,3,RF,lag43,0.00392987053228688
IMOEX,3,RF,lag44,0.0076064999282401576
IMOEX,3,RF,lag45,0.002089869376358043
IMOEX,3,RF,lag46,0.0037110309650819156
IMOEX,3,RF,lag47,0.002734061154560539
IMOEX,3,RF,lag48,0.0034578082396551114
IMOEX,3,RF,lag49,0.0038016310830336388
IMOEX,3,RF,lag50,0.004587390971790602
IMOEX,3,RF,lag51,0.003952663809486267
IMOEX,3,RF,lag52,0.0029936051252855947
IMOEX,3,RF,lag53,0.01468145458121518
IMOEX,3,RF,lag54,0.01670795278161496
IMOEX,3,RF,lag55,0.004447177876478755
IMOEX,3,RF,lag56,0.0033325088041961737
IMOEX,3,RF,lag57,0.011770503090907082
IMOEX,3,RF,lag58,0.01010171310673874
IMOEX,3,RF,lag59,0.005526025436680158
IMOEX,3,RF,lag60,0.0016179567934873483
IMOEX,3,RF,Brent_lag1,0.008370443855300898
IMOEX,3,RF,Brent_lag2,0.00804490971330653
IMOEX,3,RF,Brent_lag3,0.00519388493004715
IMOEX,3,RF,Brent_lag4,0.004436751712231655
IMOEX,3,RF,Brent_lag5,0.003246279005093107
IMOEX,3,RF,Brent_lag6,0.003972900795783162
IMOEX,3,RF,Brent_lag7,0.0056552883925404165
IMOEX,3,RF,Brent_lag8,0.0066428804501115915
IMOEX,3,RF,Brent_lag9,0.004149361265615682
IMOEX,3,RF,Brent_lag10,0.004562017958405271
IMOEX,3,RF,Brent_lag11,0.0030843418559631177
IMOEX,3,RF,Brent_lag12,0.01587127075361264
IMOEX,3,RF,Brent_lag13,0.006547904616706226
IMOEX,3,RF,Brent_lag14,0.005154318487997614
IMOEX,3,RF,Brent_lag15,0.004300292512190724
IMOEX,3,RF,Brent_lag16,0.0037366334875737588
IMOEX,3,RF,Brent_lag17,0.005481371482449689
IMOEX,3,RF,Brent_lag18,0.004996610586702257
IMOEX,3,RF,Brent_lag19,0.007526958115921225
IMOEX,3,RF,Brent_lag20,0.013328168891099525
IMOEX,3,RF,Brent_lag21,0.0058729527513518235
IMOEX,3,RF,Brent_lag22,0.005118038395177887
IMOEX,3,RF,Brent_lag23,0.008372903340739183
IMOEX,3,RF,Brent_lag24,0.015765895454254362
IMOEX,3,RF,USD_lag1,0.013308413847832662
IMOEX,3,RF,USD_lag2,0.009762135362666043
IMOEX,3,RF,USD_lag3,0.00679812895987798
IMOEX,3,RF,USD_lag4,0.007169952122874731
IMOEX,3,RF,USD_lag5,0.013984284471596213
IMOEX,3,RF,USD_lag6,0.013245425842990308
IMOEX,3,RF,USD_lag7,0.0038186649296370976
IMOEX,3,RF,USD_lag8,0.02026172112336376
IMOEX,3,RF,USD_lag9,0.007770321051407801
IMOEX,3,RF,USD_lag10,0.010374292883159688
IMOEX,3,RF,USD_lag11,0.00896434872704178
IMOEX,3,RF,USD_lag12,0.004298917376858264
IMOEX,3,RF,USD_lag13,0.023754935458021997
IMOEX,3,RF,USD_lag14,0.0025886239449166722
IMOEX,3,RF,USD_lag15,0.0031632627789634606
IMOEX,3,RF,USD_lag16,0.004036489747211582
IMOEX,3,RF,USD_lag17,0.004924886720008488
IMOEX,3,RF,USD_lag18,0.006712346486120464
IMOEX,3,RF,USD_lag19,0.012364319480666203
IMOEX,3,RF,USD_lag20,0.002475285316064625
IMOEX,3,RF,USD_lag21,0.0039177160463832
IMOEX,3,RF,USD_lag22,0.004913866593470249
IMOEX,3,RF,USD_lag23,0.003031402913234478
IMOEX,3,RF,USD_lag24,0.004164178642636015
IMOEX,3,CatBoost,Open,0.003795084999405526
IMOEX,3,CatBoost,High,0.003674876102577862
IMOEX,3,CatBoost,Low,0.0024879181216920215
IMOEX,3,CatBoost,Close,0.0031162276058840535
IMOEX,3,CatBoost,Value,0.07272130579683098
IMOEX,3,CatBoost,Volume,0.0
IMOEX,3,CatBoost,SMA_5,0.002010654741474292
IMOEX,3,CatBoost,SMA_10,0.002748419269365632
IMOEX,3,CatBoost,SMA_20,0.0008355248737522482
IMOEX,3,CatBoost,EMA_5,0.0021527333447829396
IMOEX,3,CatBoost,EMA_10,0.001561418726788794
IMOEX,3,CatBoost,EMA_20,0.002540790645652071
IMOEX,3,CatBoost,BBH,0.002197765853363027
IMOEX,3,CatBoost,BBL,0.0025757165939715373
IMOEX,3,CatBoost,RSI_50,0.019013879387560335
IMOEX,3,CatBoost,StochK,0.021682818389844587
IMOEX,3,CatBoost,StochD,0.04918255871898618
IMOEX,3,CatBoost,ATR_50,0.022957695623760814
IMOEX,3,CatBoost,OBV,0.0
IMOEX,3,CatBoost,MACD,0.025012013961146533
IMOEX,3,CatBoost,MACD_SIGNAL,0.010092069673074827
IMOEX,3,CatBoost,MACD_DIFF,0.024082543101159714
IMOEX,3,CatBoost,ADX_14,0.02818246199108431
IMOEX,3,CatBoost,CCI_20,0.024028133088251195
IMOEX,3,CatBoost,ROC_10,0.033005054766915135
IMOEX,3,CatBoost,WILLR_14,0.03016416631950797
IMOEX,3,CatBoost,lag1,0.003216207812032832
IMOEX,3,CatBoost,lag2,0.004142185346590785
IMOEX,3,CatBoost,lag3,0.0025869184552388793
IMOEX,3,CatBoost,lag4,0.005792239518294505
IMOEX,3,CatBoost,lag5,0.00486682550723976
IMOEX,3,CatBoost,lag6,0.005818371283140303
IMOEX,3,CatBoost,lag7,0.0033284221161333245
IMOEX,3,CatBoost,lag8,0.005823098194097672
IMOEX,3,CatBoost,lag9,0.00639674444272523
IMOEX,3,CatBoost,lag10,0.002888922233148692
IMOEX,3,CatBoost,lag11,0.005526113047872785
IMOEX,3,CatBoost,lag12,0.005051345324447831
IMOEX,3,CatBoost,lag13,0.0060982544866013235
IMOEX,3,CatBoost,lag14,0.003690944884265048
IMOEX,3,CatBoost,lag15,0.004751815201681338
IMOEX,3,CatBoost,lag16,0.0037538000056176126
IMOEX,3,CatBoost,lag17,0.006565870419167648
IMOEX,3,CatBoost,lag18,0.0017940522155906475
IMOEX,3,CatBoost,lag19,0.002664522656966056
IMOEX,3,CatBoost,lag20,0.0014349088589398161
IMOEX,3,CatBoost,lag21,0.00675042135458378
IMOEX,3,CatBoost,lag22,0.0028737958763729366
IMOEX,3,CatBoost,lag23,0.003121183596969375
IMOEX,3,CatBoost,lag24,0.0020848144670628475
IMOEX,3,CatBoost,lag25,0.002058872543848219
IMOEX,3,CatBoost,lag26,0.0018720892237367218
IMOEX,3,CatBoost,lag27,0.005891069551813124
IMOEX,3,CatBoost,lag28,0.004804794771094441
IMOEX,3,CatBoost,lag29,0.002868800396223748
IMOEX,3,CatBoost,lag30,0.001362011457589442
IMOEX,3,CatBoost,lag31,0.002343271703843378
IMOEX,3,CatBoost,lag32,0.002674814055364527
IMOEX,3,CatBoost,lag33,0.0021408313046072007
IMOEX,3,CatBoost,lag34,0.0010079049190309646
IMOEX,3,CatBoost,lag35,0.003265038338116047
IMOEX,3,CatBoost,lag36,0.004200702171965998
IMOEX,3,CatBoost,lag37,0.002647370867830023
IMOEX,3,CatBoost,lag38,0.0036803141162676852
IMOEX,3,CatBoost,lag39,0.003081207374346492
IMOEX,3,CatBoost,lag40,0.0020973391432091123
IMOEX,3,CatBoost,lag41,0.0030160764347887782
IMOEX,3,CatBoost,lag42,0.004222263386164134
IMOEX,3,CatBoost,lag43,0.0035087275814774574
IMOEX,3,CatBoost,lag44,0.001958693881262129
IMOEX,3,CatBoost,lag45,0.0021869144232401485
IMOEX,3,CatBoost,lag46,0.0025964534684591476
IMOEX,3,CatBoost,lag47,0.005905245528181548
IMOEX,3,CatBoost,lag48,0.002874846378155738
IMOEX,3,CatBoost,lag49,0.007900645895163032
IMOEX,3,CatBoost,lag50,0.004082576059346903
IMOEX,3,CatBoost,lag51,0.001724790086034492
IMOEX,3,CatBoost,lag52,0.003778262868126183
IMOEX,3,CatBoost,lag53,0.004985246236556162
IMOEX,3,CatBoost,lag54,0.0011789202603084271
IMOEX,3,CatBoost,lag55,0.003557777681909185
IMOEX,3,CatBoost,lag56,0.0034417783681071376
IMOEX,3,CatBoost,lag57,0.0045302351188585156
IMOEX,3,CatBoost,lag58,0.0020875733302251646
IMOEX,3,CatBoost,lag59,0.0034896230759554206
IMOEX,3,CatBoost,lag60,0.0024773475014620077
IMOEX,3,CatBoost,Brent_lag1,0.013868427297429126
IMOEX,3,CatBoost,Brent_lag2,0.007704478280745093
IMOEX,3,CatBoost,Brent_lag3,0.007800406528805013
IMOEX,3,CatBoost,Brent_lag4,0.012778083397320734
IMOEX,3,CatBoost,Brent_lag5,0.00566145207845636
IMOEX,3,CatBoost,Brent_lag6,0.008721271773155775
IMOEX,3,CatBoost,Brent_lag7,0.009626828841864126
IMOEX,3,CatBoost,Brent_lag8,0.011475197097871367
IMOEX,3,CatBoost,Brent_lag9,0.011301408201055935
IMOEX,3,CatBoost,Brent_lag10,0.010199848264139241
IMOEX,3,CatBoost,Brent_lag11,0.00659062514136898
IMOEX,3,CatBoost,Brent_lag12,0.010981205615805513
IMOEX,3,CatBoost,Brent_lag13,0.0029566663943021384
IMOEX,3,CatBoost,Brent_lag14,0.01196286527280538
IMOEX,3,CatBoost,Brent_lag15,0.00899416880282512
IMOEX,3,CatBoost,Brent_lag16,0.014199732892594536
IMOEX,3,CatBoost,Brent_lag17,0.009372895715583219
IMOEX,3,CatBoost,Brent_lag18,0.007068153235476384
IMOEX,3,CatBoost,Brent_lag19,0.006293305432837359
IMOEX,3,CatBoost,Brent_lag20,0.010736422675758502
IMOEX,3,CatBoost,Brent_lag21,0.007583154896453564
IMOEX,3,CatBoost,Brent_lag22,0.01242733057593323
IMOEX,3,CatBoost,Brent_lag23,0.01089273989372378
IMOEX,3,CatBoost,Brent_lag24,0.007537166492525815
IMOEX,3,CatBoost,USD_lag1,0.008589888962146387
IMOEX,3,CatBoost,USD_lag2,0.010761829585333818
IMOEX,3,CatBoost,USD_lag3,0.00595227379370324
IMOEX,3,CatBoost,USD_lag4,0.005724619507813229
IMOEX,3,CatBoost,USD_lag5,0.012202466614229576
IMOEX,3,CatBoost,USD_lag6,0.003498931833089643
IMOEX,3,CatBoost,USD_lag7,0.007445026813226094
IMOEX,3,CatBoost,USD_lag8,0.00831501478642637
IMOEX,3,CatBoost,USD_lag9,0.006673774627462682
IMOEX,3,CatBoost,USD_lag10,0.005407211574725332
IMOEX,3,CatBoost,USD_lag11,0.007707295651315956
IMOEX,3,CatBoost,USD_lag12,0.006996043631668839
IMOEX,3,CatBoost,USD_lag13,0.010102322346779987
IMOEX,3,CatBoost,USD_lag14,0.007591532255818442
IMOEX,3,CatBoost,USD_lag15,0.007402483195014475
IMOEX,3,CatBoost,USD_lag16,0.0078075770700098005
IMOEX,3,CatBoost,USD_lag17,0.00334721167059823
IMOEX,3,CatBoost,USD_lag18,0.007044842163074151
IMOEX,3,CatBoost,USD_lag19,0.0030389576011747217
IMOEX,3,CatBoost,USD_lag20,0.006218883229439069
IMOEX,3,CatBoost,USD_lag21,0.008314074000264482
IMOEX,3,CatBoost,USD_lag22,0.004164433013651335
IMOEX,3,CatBoost,USD_lag23,0.0065637585247392116
IMOEX,3,CatBoost,USD_lag24,0.0060516742451762265
IMOEX,4,RF,Open,0.002225686582671391
IMOEX,4,RF,High,0.00233468880396136
IMOEX,4,RF,Low,0.002662978079033324
IMOEX,4,RF,Close,0.003212569547028374
IMOEX,4,RF,Value,0.024113178269002552
IMOEX,4,RF,Volume,0.0
IMOEX,4,RF,SMA_5,0.0025015704090932765
IMOEX,4,RF,SMA_10,0.004825423249269418
IMOEX,4,RF,SMA_20,0.002295133517469881
IMOEX,4,RF,EMA_5,0.001058472851177245
IMOEX,4,RF,EMA_10,0.002351985709643862
IMOEX,4,RF,EMA_20,0.0020486676405825567
IMOEX,4,RF,BBH,0.0035856280204625795
IMOEX,4,RF,BBL,0.006948579890889626
IMOEX,4,RF,RSI_50,0.07558245463528653
IMOEX,4,RF,StochK,0.014743809069287291
IMOEX,4,RF,StochD,0.01159033973188369
IMOEX,4,RF,ATR_50,0.024257410596278152
IMOEX,4,RF,OBV,0.0
IMOEX,4,RF,MACD,0.02395104206257144
IMOEX,4,RF,MACD_SIGNAL,0.029928505922602888
IMOEX,4,RF,MACD_DIFF,0.05394081582792491
IMOEX,4,RF,ADX_14,0.011115397285568094
IMOEX,4,RF,CCI_20,0.03693925182648464
IMOEX,4,RF,ROC_10,0.03852477245968208
IMOEX,4,RF,WILLR_14,0.017272163201353927
IMOEX,4,RF,lag1,0.004543247684467762
IMOEX,4,RF,lag2,0.004466637973701035
IMOEX,4,RF,lag3,0.0021621365811240263
IMOEX,4,RF,lag4,0.00338386233332772
IMOEX,4,RF,lag5,0.006976790380202044
IMOEX,4,RF,lag6,0.0027878508522982586
IMOEX,4,RF,lag7,0.00312362071293863
IMOEX,4,RF,lag8,0.002004145536906614
IMOEX,4,RF,lag9,0.002217644342923838
IMOEX,4,RF,lag10,0.0019457824405095406
IMOEX,4,RF,lag11,0.0032123691118687687
IMOEX,4,RF,lag12,0.0035144297064977482
IMOEX,4,RF,lag13,0.004027079650950655
IMOEX,4,RF,lag14,0.002125344252848465
IMOEX,4,RF,lag15,0.009161687723162342
IMOEX,4,RF,lag16,0.00355040350304545
IMOEX,4,RF,lag17,0.003792717671217874
IMOEX,4,RF,lag18,0.0012762401245555567
IMOEX,4,RF,lag19,0.001257688915981317
IMOEX,4,RF,lag20,0.0019988569971129636
IMOEX,4,RF,lag21,0.0022238457864220866
IMOEX,4,RF,lag22,0.0036414619404522264
IMOEX,4,RF,lag23,0.002582086794235533
IMOEX,4,RF,lag24,0.002094831242659552
IMOEX,4,RF,lag25,0.002594283853210181
IMOEX,4,RF,lag26,0.004239095649877428
IMOEX,4,RF,lag27,0.0012581158102286803
IMOEX,4,RF,lag28,0.0031002319627825405
IMOEX,4,RF,lag29,0.0021164527824647367
IMOEX,4,RF,lag30,0.002535778765436626
IMOEX,4,RF,lag31,0.0016866452775384825
IMOEX,4,RF,lag32,0.020297520539925878
IMOEX,4,RF,lag33,0.00439092906191308
IMOEX,4,RF,lag34,0.003473578014676784
IMOEX,4,RF,lag35,0.0031824003780500463
IMOEX,4,RF,lag36,0.03999772887199706
IMOEX,4,RF,lag37,0.00441154528432338
IMOEX,4,RF,lag38,0.057837737426680684
IMOEX,4,RF,lag39,0.006486709168509733
IMOEX,4,RF,lag40,0.013634539897007466
IMOEX,4,RF,lag41,0.0049482532988495585
IMOEX,4,RF,lag42,0.004311343034312277
IMOEX,4,RF,lag43,0.003029136242582808
IMOEX,4,RF,lag44,0.0029132539258622703
IMOEX,4,RF,lag45,0.002396681944503627
IMOEX,4,RF,lag46,0.0025395277800333307
IMOEX,4,RF,lag47,0.0011893303332777784
IMOEX,4,RF,lag48,0.002919062774227219
IMOEX,4,RF,lag49,0.002029626142705524
IMOEX,4,RF,lag50,0.0027802742615782015
IMOEX,4,RF,lag51,0.0035904161916938725
IMOEX,4,RF,lag52,0.001931485295339815
IMOEX,4,RF,lag53,0.00214361425938881
IMOEX,4,RF,lag54,0.006521436665705114
IMOEX,4,RF,lag55,0.0026092827944732048
IMOEX,4,RF,lag56,0.002708029073995152
IMOEX,4,RF,lag57,0.00421457635893002
IMOEX,4,RF,lag58,0.0042978853283415705
IMOEX,4,RF,lag59,0.002215552501370266
IMOEX,4,RF,lag60,0.0010996907875792982
IMOEX,4,RF,Brent_lag1,0.0036569877745425126
IMOEX,4,RF,Brent_lag2,0.0059116853530315795
IMOEX,4,RF,Brent_lag3,0.004116251148388765
IMOEX,4,RF,Brent_lag4,0.0026548369134323097
IMOEX,4,RF,Brent_lag5,0.002709457583026398
IMOEX,4,RF,Brent_lag6,0.0038309411887136827
IMOEX,4,RF,Brent_lag7,0.003421486963288439
IMOEX,4,RF,Brent_lag8,0.005253032519223
IMOEX,4,RF,Brent_lag9,0.003419873679096213
IMOEX,4,RF,Brent_lag10,0.012157090838763405
IMOEX,4,RF,Brent_lag11,0.00796038063853264
IMOEX,4,RF,Brent_lag12,0.008530300437855808
IMOEX,4,RF,Brent_lag13,0.0062986998323090225
IMOEX,4,RF,Brent_lag14,0.0031540927573105934
IMOEX,4,RF,Brent_lag15,0.0035859487773037815
IMOEX,4,RF,Brent_lag16,0.0018783861073026686
IMOEX,4,RF,Brent_lag17,0.0031653366209855073
IMOEX,4,RF,Brent_lag18,0.003806174106000071
IMOEX,4,RF,Brent_lag19,0.0031808974128351973
IMOEX,4,RF,Brent_lag20,0.0187988939539897
IMOEX,4,RF,Brent_lag21,0.005803249738288435
IMOEX,4,RF,Brent_lag22,0.015842126002736226
IMOEX,4,RF,Brent_lag23,0.007754583770288336
IMOEX,4,RF,Brent_lag24,0.011336665027568318
IMOEX,4,RF,USD_lag1,0.011761058693960297
IMOEX,4,RF,USD_lag2,0.005252093806597918
IMOEX,4,RF,USD_lag3,0.003021026724183252
IMOEX,4,RF,USD_lag4,0.005266133058837839
IMOEX,4,RF,USD_lag5,0.015303490926853151
IMOEX,4,RF,USD_lag6,0.012823979817857583
IMOEX,4,RF,USD_lag7,0.004875704956024725
IMOEX,4,RF,USD_lag8,0.009241686947977784
IMOEX,4,RF,USD_lag9,0.008697865605590159
IMOEX,4,RF,USD_lag10,0.00420265675707132
IMOEX,4,RF,USD_lag11,0.006980590809609599
IMOEX,4,RF,USD_lag12,0.00536630324505966
IMOEX,4,RF,USD_lag13,0.008084513261977299
IMOEX,4,RF,USD_lag14,0.0034378417176895884
IMOEX,4,RF,USD_lag15,0.0029198742287381467
IMOEX,4,RF,USD_lag16,0.0023161084073347895
IMOEX,4,RF,USD_lag17,0.004490622974510131
IMOEX,4,RF,USD_lag18,0.004519358190267649
IMOEX,4,RF,USD_lag19,0.005833797408211146
IMOEX,4,RF,USD_lag20,0.0037946609045652353
IMOEX,4,RF,USD_lag21,0.0025342365287231564
IMOEX,4,RF,USD_lag22,0.006169799217511299
IMOEX,4,RF,USD_lag23,0.003955111614592542
IMOEX,4,RF,USD_lag24,0.0032110658634515094
IMOEX,4,CatBoost,Open,0.003985063892863939
IMOEX,4,CatBoost,High,0.0035082220486897337
IMOEX,4,CatBoost,Low,0.0036410314426572384
IMOEX,4,CatBoost,Close,0.00553966641132678
IMOEX,4,CatBoost,Value,0.06919286922229055
IMOEX,4,CatBoost,Volume,0.0
IMOEX,4,CatBoost,SMA_5,0.0012373249370579765
IMOEX,4,CatBoost,SMA_10,0.002635448005782406
IMOEX,4,CatBoost,SMA_20,0.0020394208318955972
IMOEX,4,CatBoost,EMA_5,0.0014483792545834234
IMOEX,4,CatBoost,EMA_10,0.00037379941961575487
IMOEX,4,CatBoost,EMA_20,0.003935090546956305
IMOEX,4,CatBoost,BBH,0.0012466781829428512
IMOEX,4,CatBoost,BBL,0.0023234116246332397
IMOEX,4,CatBoost,RSI_50,0.020382369060816332
IMOEX,4,CatBoost,StochK,0.020918404911808696
IMOEX,4,CatBoost,StochD,0.03951514503925512
IMOEX,4,CatBoost,ATR_50,0.022127294145670294
IMOEX,4,CatBoost,OBV,0.0
IMOEX,4,CatBoost,MACD,0.021007142091902287
IMOEX,4,CatBoost,MACD_SIGNAL,0.011702310120616293
IMOEX,4,CatBoost,MACD_DIFF,0.027146806222818145
IMOEX,4,CatBoost,ADX_14,0.02019389490814706
IMOEX,4,CatBoost,CCI_20,0.028911140692714235
IMOEX,4,CatBoost,ROC_10,0.03312572405328423
IMOEX,4,CatBoost,WILLR_14,0.031370012436268684
IMOEX,4,CatBoost,lag1,0.003824499083957109
IMOEX,4,CatBoost,lag2,0.004371367466681725
IMOEX,4,CatBoost,lag3,0.0036620572443520263
IMOEX,4,CatBoost,lag4,0.004577589038182644
IMOEX,4,CatBoost,lag5,0.004812221181700629
IMOEX,4,CatBoost,lag6,0.0032835703382513236
IMOEX,4,CatBoost,lag7,0.008492069762323902
IMOEX,4,CatBoost,lag8,0.0022682980922304886
IMOEX,4,CatBoost,lag9,0.006168262768095475
IMOEX,4,CatBoost,lag10,0.0060354933592485374
IMOEX,4,CatBoost,lag11,0.0029764683954959415
IMOEX,4,CatBoost,lag12,0.004979693045793737
IMOEX,4,CatBoost,lag13,0.005757465930189503
IMOEX,4,CatBoost,lag14,0.004210231718956467
IMOEX,4,CatBoost,lag15,0.005052905241916384
IMOEX,4,CatBoost,lag16,0.00437477462233334
IMOEX,4,CatBoost,lag17,0.004432627957872826
IMOEX,4,CatBoost,lag18,0.0035743574129183113
IMOEX,4,CatBoost,lag19,0.0033632797762678506
IMOEX,4,CatBoost,lag20,0.004848326278389187
IMOEX,4,CatBoost,lag21,0.007692598984305665
IMOEX,4,CatBoost,lag22,0.002710326083891224
IMOEX,4,CatBoost,lag23,0.00516955829827184
IMOEX,4,CatBoost,lag24,0.0006142083266788971
IMOEX,4,CatBoost,lag25,0.002912949160904676
IMOEX,4,CatBoost,lag26,0.003440115156799749
IMOEX,4,CatBoost,lag27,0.005494070073333991
IMOEX,4,CatBoost,lag28,0.0032674781549753397
IMOEX,4,CatBoost,lag29,0.004108335591666868
IMOEX,4,CatBoost,lag30,0.006500927218097395
IMOEX,4,CatBoost,lag31,0.005000555536493578
IMOEX,4,CatBoost,lag32,0.006625540888732356
IMOEX,4,CatBoost,lag33,0.004447918909391543
IMOEX,4,CatBoost,lag34,0.004108783160730883
IMOEX,4,CatBoost,lag35,0.0033869432693733738
IMOEX,4,CatBoost,lag36,0.0044464271804970385
IMOEX,4,CatBoost,lag37,0.004296065027275141
IMOEX,4,CatBoost,lag38,0.006476336333310185
IMOEX,4,CatBoost,lag39,0.006341900076790621
IMOEX,4,CatBoost,lag40,0.0045710848559984375
IMOEX,4,CatBoost,lag41,0.005565754015398977
IMOEX,4,CatBoost,lag42,0.0038666352535680288
IMOEX,4,CatBoost,lag43,0.005864988499968181
IMOEX,4,CatBoost,lag44,0.0017898995352536335
IMOEX,4,CatBoost,lag45,0.006518188148405993
IMOEX,4,CatBoost,lag46,0.001295729550931447
IMOEX,4,CatBoost,lag47,0.001435698193119331
IMOEX,4,CatBoost,lag48,0.0019315559299437656
IMOEX,4,CatBoost,lag49,0.004542648455668415
IMOEX,4,CatBoost,lag50,0.0037358107719697225
IMOEX,4,CatBoost,lag51,0.002050137194194895
IMOEX,4,CatBoost,lag52,0.002859151970367166
IMOEX,4,CatBoost,lag53,0.0016200221145349833
IMOEX,4,CatBoost,lag54,0.005098670275853712
IMOEX,4,CatBoost,lag55,0.0038296840233766638
IMOEX,4,CatBoost,lag56,0.0020998057825760297
IMOEX,4,CatBoost,lag57,0.00377876614307124
IMOEX,4,CatBoost,lag58,0.0034766406859783917
IMOEX,4,CatBoost,lag59,0.0024142043109529783
IMOEX,4,CatBoost,lag60,0.004535509751848028
IMOEX,4,CatBoost,Brent_lag1,0.013350361619055093
IMOEX,4,CatBoost,Brent_lag2,0.010601088420235182
IMOEX,4,CatBoost,Brent_lag3,0.010112287881612137
IMOEX,4,CatBoost,Brent_lag4,0.010166930929385904
IMOEX,4,CatBoost,Brent_lag5,0.007049829966426307
IMOEX,4,CatBoost,Brent_lag6,0.005487315320630875
IMOEX,4,CatBoost,Brent_lag7,0.004231946613670455
IMOEX,4,CatBoost,Brent_lag8,0.009969316625438825
IMOEX,4,CatBoost,Brent_lag9,0.0065207422576253815
IMOEX,4,CatBoost,Brent_lag10,0.009882885441954516
IMOEX,4,CatBoost,Brent_lag11,0.008234436827597866
IMOEX,4,CatBoost,Brent_lag12,0.005384220518301168
IMOEX,4,CatBoost,Brent_lag13,0.01187152740319509
IMOEX,4,CatBoost,Brent_lag14,0.008093372963046712
IMOEX,4,CatBoost,Brent_lag15,0.0076248619373208305
IMOEX,4,CatBoost,Brent_lag16,0.013747120517479686
IMOEX,4,CatBoost,Brent_lag17,0.006422119006382502
IMOEX,4,CatBoost,Brent_lag18,0.009969194766742233
IMOEX,4,CatBoost,Brent_lag19,0.006260954320421973
IMOEX,4,CatBoost,Brent_lag20,0.007293192151146887
IMOEX,4,CatBoost,Brent_lag21,0.005199050891403268
IMOEX,4,CatBoost,Brent_lag22,0.013364562509193425
IMOEX,4,CatBoost,Brent_lag23,0.005770006978708276
IMOEX,4,CatBoost,Brent_lag24,0.008982752188272684
IMOEX,4,CatBoost,USD_lag1,0.009922527470933667
IMOEX,4,CatBoost,USD_lag2,0.008518368680418666
IMOEX,4,CatBoost,USD_lag3,0.0076973411634093155
IMOEX,4,CatBoost,USD_lag4,0.00934156868847243
IMOEX,4,CatBoost,USD_lag5,0.008127431111497479
IMOEX,4,CatBoost,USD_lag6,0.002277289942355571
IMOEX,4,CatBoost,USD_lag7,0.005734490998154501
IMOEX,4,CatBoost,USD_lag8,0.007863361682353631
IMOEX,4,CatBoost,USD_lag9,0.00602710162236655
IMOEX,4,CatBoost,USD_lag10,0.006238626147342247
IMOEX,4,CatBoost,USD_lag11,0.007252934006810191
IMOEX,4,CatBoost,USD_lag12,0.006385582334495929
IMOEX,4,CatBoost,USD_lag13,0.009062848675555788
IMOEX,4,CatBoost,USD_lag14,0.004690621964109675
IMOEX,4,CatBoost,USD_lag15,0.006540520816268907
IMOEX,4,CatBoost,USD_lag16,0.004635219558149079
IMOEX,4,CatBoost,USD_lag17,0.005877637403171657
IMOEX,4,CatBoost,USD_lag18,0.006824749965232306
IMOEX,4,CatBoost,USD_lag19,0.0018864190435549347
IMOEX,4,CatBoost,USD_lag20,0.004488927002601257
IMOEX,4,CatBoost,USD_lag21,0.011809677133276644
IMOEX,4,CatBoost,USD_lag22,0.008586870514854057
IMOEX,4,CatBoost,USD_lag23,0.008583589210388069
IMOEX,4,CatBoost,USD_lag24,0.0075423856947254096
