Date,Close,ChainIncrement,ChainGrowthCoef,RelativeGrowth,RelativeGrowthPct,ChainIndex,BaseAbsolute,BaseRelativeCoef,BaseRelativePct,ChainAbsoluteIndex,ChainRelativeIndex,StructuralShiftAbsolute,StructuralShiftRelativePct
2023-10-31 00:00:00+00:00,3200.97,-26.100000000000364,0.9919121680037928,-0.008087831996207199,-0.8087831996207199,0.9919121680037928,-26.100000000000364,0.9919121680037928,-0.8087831996207218,-26.100000000000364,0.9919121680037928,-26.100000000000364,-0.8087831996207199
2023-11-01 00:00:00+00:00,3206.52,5.550000000000182,1.0017338494268926,0.0017338494268925302,0.17338494268925303,0.9936319943478139,-20.550000000000182,0.9936319943478139,-0.6368005652186093,5.550000000000182,1.0017338494268926,5.550000000000182,0.17338494268925303
2023-11-02 00:00:00+00:00,3197.22,-9.300000000000182,0.997099659443883,-0.0029003405561169684,-0.2900340556116968,0.9907501231767515,-29.850000000000364,0.9907501231767516,-0.9249876823248404,-9.300000000000182,0.997099659443883,-9.300000000000182,-0.2900340556116968
2023-11-03 00:00:00+00:00,3208.63,11.41000000000031,1.0035687253301306,0.0035687253301306477,0.35687253301306476,0.9942858382371624,-18.440000000000055,0.9942858382371624,-0.5714161762837566,11.41000000000031,1.0035687253301306,11.41000000000031,0.35687253301306476
2023-11-06 00:00:00+00:00,3235.11,26.480000000000018,1.0082527433826898,0.008252743382689814,0.8252743382689813,1.0024914241091762,8.039999999999964,1.0024914241091765,0.24914241091764655,26.480000000000018,1.0082527433826898,26.480000000000018,0.8252743382689813
2023-11-07 00:00:00+00:00,3246.34,11.230000000000018,1.0034712884569612,0.0034712884569612834,0.34712884569612834,1.005971361017889,19.269999999999982,1.0059713610178893,0.597136101788931,11.230000000000018,1.0034712884569612,11.230000000000018,0.34712884569612834
2023-11-08 00:00:00+00:00,3245.43,-0.9100000000003092,0.9997196843214203,-0.00028031567857966485,-0.028031567857966483,1.0056893714731936,18.359999999999673,1.0056893714731938,0.5689371473193816,-0.9100000000003092,0.9997196843214203,-0.9100000000003092,-0.028031567857966483
2023-11-09 00:00:00+00:00,3239.92,-5.5099999999997635,0.9983022280560666,-0.0016977719439333968,-0.1697771943933397,1.0039819402739945,12.849999999999909,1.0039819402739947,0.39819402739946774,-5.5099999999997635,0.9983022280560666,-5.5099999999997635,-0.1697771943933397
2023-11-10 00:00:00+00:00,3242.06,2.1399999999998727,1.0006605101360526,0.0006605101360527027,0.06605101360527027,1.004645080521959,14.989999999999782,1.0046450805219596,0.4645080521959555,2.1399999999998727,1.0006605101360526,2.1399999999998727,0.06605101360527027
2023-11-13 00:00:00+00:00,3248.27,6.210000000000036,1.0019154488195776,0.0019154488195776871,0.1915448819577687,1.0065694267555394,21.199999999999818,1.0065694267555398,0.6569426755539842,6.210000000000036,1.0019154488195776,6.210000000000036,0.1915448819577687
2023-11-14 00:00:00+00:00,3212.39,-35.88000000000011,0.9889541201932105,-0.011045879806789494,-1.1045879806789494,0.9954509818504087,-14.680000000000291,0.9954509818504091,-0.45490181495908555,-35.88000000000011,0.9889541201932105,-35.88000000000011,-1.1045879806789494
2023-11-15 00:00:00+00:00,3215.11,2.7200000000002547,1.0008467215998058,0.0008467215998058315,0.08467215998058314,0.9962938516982893,-11.960000000000036,0.9962938516982898,-0.37061483017102326,2.7200000000002547,1.0008467215998058,2.7200000000002547,0.08467215998058314
2023-11-16 00:00:00+00:00,3189.08,-26.0300000000002,0.9919038539894436,-0.008096146010556466,-0.8096146010556465,0.9882277112055203,-37.99000000000024,0.9882277112055208,-1.1772288794479224,-26.0300000000002,0.9919038539894436,-26.0300000000002,-0.8096146010556465
2023-11-17 00:00:00+00:00,3206.34,17.26000000000022,1.0054122191980133,0.005412219198013288,0.5412219198013288,0.9935762161961156,-20.730000000000018,0.993576216196116,-0.6423783803883976,17.26000000000022,1.0054122191980133,17.26000000000022,0.5412219198013288
2023-11-20 00:00:00+00:00,3207.36,1.0199999999999818,1.0003181197252942,0.00031811972529425506,0.031811972529425504,0.9938922923890707,-19.710000000000036,0.9938922923890712,-0.6107707610928825,1.0199999999999818,1.0003181197252942,1.0199999999999818,0.031811972529425504
2023-11-21 00:00:00+00:00,3218.48,11.11999999999989,1.0034670258405667,0.0034670258405666626,0.34670258405666626,0.9973381426495237,-8.590000000000146,0.9973381426495241,-0.266185735047586,11.11999999999989,1.0034670258405667,11.11999999999989,0.34670258405666626
2023-11-22 00:00:00+00:00,3230.65,12.170000000000073,1.0037812880614452,0.003781288061445177,0.3781288061445177,1.0011093654615482,3.5799999999999272,1.0011093654615486,0.1109365461548606,12.170000000000073,1.0037812880614452,12.170000000000073,0.3781288061445177
2023-11-23 00:00:00+00:00,3221.05,-9.599999999999909,0.9970284617646604,-0.0029715382353396095,-0.29715382353396097,0.9981345307043227,-6.019999999999982,0.9981345307043231,-0.18654692956768804,-9.599999999999909,0.9970284617646604,-9.599999999999909,-0.29715382353396097
2023-11-24 00:00:00+00:00,3217.76,-3.2899999999999636,0.9989785939367598,-0.0010214060632402365,-0.10214060632402365,0.9971150300427318,-9.309999999999945,0.9971150300427323,-0.28849699572677245,-3.2899999999999636,0.9989785939367598,-3.2899999999999636,-0.10214060632402365
2023-11-27 00:00:00+00:00,3191.05,-26.710000000000036,0.9916991944706877,-0.008300805529312328,-0.8300805529312328,0.9888381720879927,-36.01999999999998,0.9888381720879932,-1.1161827912006816,-26.710000000000036,0.9916991944706877,-26.710000000000036,-0.8300805529312328
2023-11-28 00:00:00+00:00,3196.36,5.309999999999945,1.0016640290813368,0.0016640290813368468,0.1664029081336847,0.9904836275630831,-30.710000000000036,0.9904836275630835,-0.9516372436916498,5.309999999999945,1.0016640290813368,5.309999999999945,0.1664029081336847
2023-11-29 00:00:00+00:00,3173.52,-22.840000000000146,0.992854371847977,-0.007145628152022972,-0.7145628152022971,0.9834059998698504,-53.55000000000018,0.9834059998698509,-1.6594000130149111,-22.840000000000146,0.992854371847977,-22.840000000000146,-0.7145628152022971
2023-11-30 00:00:00+00:00,3165.79,-7.730000000000018,0.9975642189114926,-0.0024357810885074047,-0.24357810885074047,0.9810106381330428,-61.2800000000002,0.9810106381330432,-1.8989361866956767,-7.730000000000018,0.9975642189114926,-7.730000000000018,-0.24357810885074047
2023-12-01 00:00:00+00:00,3142.29,-23.5,0.9925768923396687,-0.007423107660331229,-0.7423107660331228,0.9737284905502509,-84.7800000000002,0.9737284905502515,-2.6271509449748542,-23.5,0.9925768923396687,-23.5,-0.7423107660331228
2023-12-04 00:00:00+00:00,3114.41,-27.88000000000011,0.9911274898243001,-0.008872510175699922,-0.8872510175699921,0.9650890746094749,-112.66000000000031,0.9650890746094754,-3.491092539052465,-27.88000000000011,0.9911274898243001,-27.88000000000011,-0.8872510175699921
2023-12-05 00:00:00+00:00,3129.33,14.920000000000073,1.004790634502201,0.004790634502201082,0.4790634502201082,0.9697124636279963,-97.74000000000024,0.9697124636279968,-3.028753637200321,14.920000000000073,1.004790634502201,14.920000000000073,0.4790634502201082
2023-12-06 00:00:00+00:00,3079.5,-49.82999999999993,0.9840764636519639,-0.015923536348036137,-1.5923536348036136,0.9542712119662723,-147.57000000000016,0.9542712119662727,-4.572878803372726,-49.82999999999993,0.9840764636519639,-49.82999999999993,-1.5923536348036136
2023-12-07 00:00:00+00:00,3073.63,-5.869999999999891,0.998093846403637,-0.0019061535963630105,-0.19061535963630105,0.952452224463677,-153.44000000000005,0.9524522244636776,-4.754777553632239,-5.869999999999891,0.998093846403637,-5.869999999999891,-0.19061535963630105
2023-12-08 00:00:00+00:00,3079.99,6.359999999999673,1.0020692145769008,0.0020692145769008216,0.20692145769008216,0.9544230524903389,-147.08000000000038,0.9544230524903394,-4.557694750966057,6.359999999999673,1.0020692145769008,6.359999999999673,0.20692145769008216
2023-12-11 00:00:00+00:00,3026.17,-53.81999999999971,0.9825259172919394,-0.017474082708060647,-1.7474082708060648,0.937745385132643,-200.9000000000001,0.9377453851326435,-6.22546148673565,-53.81999999999971,0.9825259172919394,-53.81999999999971,-1.7474082708060648
2023-12-12 00:00:00+00:00,3019.89,-6.2800000000002,0.9979247695932482,-0.002075230406751835,-0.20752304067518348,0.9357993473956245,-207.1800000000003,0.9357993473956251,-6.420065260437491,-6.2800000000002,0.9979247695932482,-6.2800000000002,-0.20752304067518348
2023-12-13 00:00:00+00:00,3032.22,12.329999999999927,1.0040829301729532,0.004082930172953295,0.4082930172953295,0.9396201507869361,-194.85000000000036,0.9396201507869366,-6.037984921306339,12.329999999999927,1.0040829301729532,12.329999999999927,0.4082930172953295
2023-12-14 00:00:00+00:00,3008.84,-23.379999999999654,0.9922894776764221,-0.007710522323577991,-0.7710522323577991,0.9323751886386097,-218.23000000000002,0.9323751886386102,-6.762481136138976,-23.379999999999654,0.9922894776764221,-23.379999999999654,-0.7710522323577991
2023-12-15 00:00:00+00:00,3033.89,25.049999999999727,1.0083254676220734,0.008325467622073531,0.8325467622073531,0.9401376480832451,-193.1800000000003,0.9401376480832457,-5.986235191675426,25.049999999999727,1.0083254676220734,25.049999999999727,0.8325467622073531
2023-12-18 00:00:00+00:00,3076.26,42.370000000000346,1.013965568956027,0.013965568956026866,1.3965568956026866,0.9532672052357086,-150.80999999999995,0.9532672052357092,-4.673279476429082,42.370000000000346,1.013965568956027,42.370000000000346,1.3965568956026866
2023-12-19 00:00:00+00:00,3083.64,7.379999999999654,1.002399016988161,0.002399016988160836,0.23990169881608361,0.9555541094553258,-143.4300000000003,0.9555541094553263,-4.444589054467373,7.379999999999654,1.002399016988161,7.379999999999654,0.23990169881608361
2023-12-20 00:00:00+00:00,3104.66,21.019999999999982,1.0068166193200243,0.0068166193200243815,0.6816619320024382,0.9620677580591677,-122.41000000000031,0.9620677580591681,-3.793224194083189,21.019999999999982,1.0068166193200243,21.019999999999982,0.6816619320024382
2023-12-21 00:00:00+00:00,3073.57,-31.08999999999969,0.9899860210135732,-0.010013978986426756,-1.0013978986426757,0.9524336317464445,-153.5,0.9524336317464449,-4.756636825355509,-31.08999999999969,0.9899860210135732,-31.08999999999969,-1.0013978986426757
2023-12-22 00:00:00+00:00,3092.58,19.009999999999764,1.0061849900929538,0.006184990092953719,0.6184990092953719,0.9583244243229923,-134.49000000000024,0.9583244243229926,-4.167557567700742,19.009999999999764,1.0061849900929538,19.009999999999764,0.6184990092953719
2023-12-25 00:00:00+00:00,3099.02,6.440000000000055,1.0020824036888294,0.0020824036888294093,0.20824036888294092,0.9603200426392977,-128.05000000000018,0.9603200426392982,-3.9679957360701845,6.440000000000055,1.0020824036888294,6.440000000000055,0.20824036888294092
2023-12-26 00:00:00+00:00,3094.72,-4.300000000000182,0.9986124645855786,-0.0013875354144213918,-0.1387535414421392,0.958987564570957,-132.35000000000036,0.9589875645709575,-4.101243542904253,-4.300000000000182,0.9986124645855786,-4.300000000000182,-0.1387535414421392
2023-12-27 00:00:00+00:00,3097.49,2.769999999999982,1.0008950728983559,0.0008950728983559036,0.08950728983559035,0.9598459283498648,-129.58000000000038,0.9598459283498653,-4.015407165013474,2.769999999999982,1.0008950728983559,2.769999999999982,0.08950728983559035
2023-12-28 00:00:00+00:00,3101.99,4.5,1.0014527891938312,0.0014527891938311344,0.14527891938311344,0.9612403821423143,-125.08000000000038,0.9612403821423148,-3.8759617857685225,4.5,1.0014527891938312,4.5,0.14527891938311344
2023-12-29 00:00:00+00:00,3099.11,-2.8799999999996544,0.9990715637381166,-0.0009284362618833893,-0.09284362618833893,0.9603479317151468,-127.96000000000004,0.9603479317151472,-3.9652068284852793,-2.8799999999996544,0.9990715637381166,-2.8799999999996544,-0.09284362618833893
2024-01-03 00:00:00+00:00,3130.23,31.11999999999989,1.0100415925862587,0.0100415925862586,1.0041592586258599,0.9699913543864864,-96.84000000000015,0.9699913543864868,-3.000864561351324,31.11999999999989,1.0100415925862587,31.11999999999989,1.0041592586258599
2024-01-04 00:00:00+00:00,3136.07,5.8400000000001455,1.0018656776019654,0.0018656776019653973,0.18656776019653973,0.9718010455304654,-91.0,0.9718010455304658,-2.8198954469534243,5.8400000000001455,1.0018656776019654,5.8400000000001455,0.18656776019653973
2024-01-05 00:00:00+00:00,3136.37,0.29999999999972715,1.000095661130013,9.566113001295479e-05,0.009566113001295479,0.9718940091166286,-90.70000000000027,0.9718940091166289,-2.810599088337107,0.29999999999972715,1.000095661130013,0.29999999999972715,0.009566113001295479
2024-01-08 00:00:00+00:00,3158.58,22.210000000000036,1.0070814349072335,0.007081434907233533,0.7081434907233534,0.9787764132789182,-68.49000000000024,0.9787764132789186,-2.122358672108138,22.210000000000036,1.0070814349072335,22.210000000000036,0.7081434907233534
2024-01-09 00:00:00+00:00,3155.55,-3.0299999999997453,0.999040708166328,-0.0009592918336720125,-0.09592918336720126,0.9778374810586689,-71.51999999999998,0.9778374810586693,-2.21625189413307,-3.0299999999997453,0.999040708166328,-3.0299999999997453,-0.09592918336720126
2024-01-10 00:00:00+00:00,3164.7,9.149999999999636,1.0028996529923466,0.002899652992346702,0.28996529923467024,0.9806728704366493,-62.370000000000346,0.9806728704366499,-1.9327129563350143,9.149999999999636,1.0028996529923466,9.149999999999636,0.28996529923467024
2024-01-11 00:00:00+00:00,3181.25,16.550000000000182,1.0052295636237243,0.005229563623724265,0.5229563623724265,0.9858013616066581,-45.820000000000164,0.9858013616066587,-1.4198638393341345,16.550000000000182,1.0052295636237243,16.550000000000182,0.5229563623724265
2024-01-12 00:00:00+00:00,3185.22,3.9699999999998,1.0012479371316305,0.0012479371316305855,0.12479371316305855,0.9870315797302189,-41.850000000000364,0.9870315797302196,-1.29684202697804,3.9699999999998,1.0012479371316305,3.9699999999998,0.12479371316305855
2024-01-15 00:00:00+00:00,3184.88,-0.33999999999969077,0.9998932569806797,-0.00010674301932038942,-0.010674301932038941,0.986926220999234,-42.190000000000055,0.9869262209992345,-1.307377900076545,-0.33999999999969077,0.9998932569806797,-0.33999999999969077,-0.010674301932038941
2024-01-16 00:00:00+00:00,3179.45,-5.430000000000291,0.9982950692019793,-0.0017049307980207388,-0.17049307980207387,0.9852435800896783,-47.620000000000346,0.9852435800896787,-1.4756419910321283,-5.430000000000291,0.9982950692019793,-5.430000000000291,-0.17049307980207387
2024-01-17 00:00:00+00:00,3185.23,5.7800000000002,1.0018179244837944,0.00181792448379443,0.181792448379443,0.9870346785164245,-41.840000000000146,0.9870346785164251,-1.2965321483574876,5.7800000000002,1.0018179244837944,5.7800000000002,0.181792448379443
2024-01-18 00:00:00+00:00,3178.85,-6.380000000000109,0.9979970049258609,-0.002002995074139107,-0.20029950741391073,0.9850576529173516,-48.220000000000255,0.9850576529173521,-1.4942347082647855,-6.380000000000109,0.9979970049258609,-6.380000000000109,-0.20029950741391073
2024-01-19 00:00:00+00:00,3166.37,-12.480000000000018,0.9960740519370213,-0.003925948062978756,-0.39259480629787563,0.9811903677329583,-60.70000000000027,0.9811903677329589,-1.8809632267041132,-12.480000000000018,0.9960740519370213,-12.480000000000018,-0.39259480629787563
2024-01-22 00:00:00+00:00,3172.15,5.7800000000002,1.0018254341722541,0.0018254341722540954,0.18254341722540954,0.9829814661597046,-54.92000000000007,0.9829814661597053,-1.7018533840294725,5.7800000000002,1.0018254341722541,5.7800000000002,0.18254341722540954
2024-01-23 00:00:00+00:00,3175.74,3.5899999999996908,1.0011317245401383,0.0011317245401382945,0.11317245401382946,0.9840939304074587,-51.33000000000038,0.9840939304074593,-1.5906069592540706,3.5899999999996908,1.0011317245401383,3.5899999999996908,0.11317245401382946
2024-01-24 00:00:00+00:00,3162.41,-13.329999999999927,0.9958025531057328,-0.00419744689426714,-0.419744689426714,0.9799632483956028,-64.66000000000031,0.9799632483956033,-2.0036751604396663,-13.329999999999927,0.9958025531057328,-13.329999999999927,-0.419744689426714
2024-01-25 00:00:00+00:00,3157.74,-4.670000000000073,0.9985232781328164,-0.0014767218671835952,-0.14767218671835952,0.9785161152376607,-69.33000000000038,0.9785161152376612,-2.1483884762338756,-4.670000000000073,0.9985232781328164,-4.670000000000073,-0.14767218671835952
2024-01-26 00:00:00+00:00,3163.21,5.470000000000255,1.0017322515469926,0.00173225154699255,0.173225154699255,0.9802111512920384,-63.86000000000013,0.9802111512920388,-1.978884870796116,5.470000000000255,1.0017322515469926,5.470000000000255,0.173225154699255
2024-01-29 00:00:00+00:00,3176.61,13.400000000000091,1.0042362030974865,0.0042362030974864425,0.42362030974864423,0.9843635248073326,-50.460000000000036,0.9843635248073329,-1.5636475192667088,13.400000000000091,1.0042362030974865,13.400000000000091,0.42362030974864423
2024-01-30 00:00:00+00:00,3196.08,19.4699999999998,1.0061291754417445,0.006129175441744438,0.6129175441744438,0.9903968615493307,-30.990000000000236,0.990396861549331,-0.9603138450668958,19.4699999999998,1.0061291754417445,19.4699999999998,0.6129175441744438
2024-01-31 00:00:00+00:00,3214.19,18.110000000000127,1.005666316237391,0.005666316237390843,0.5666316237390844,0.9960087633673886,-12.88000000000011,0.996008763367389,-0.3991236632611028,18.110000000000127,1.005666316237391,18.110000000000127,0.5666316237390844
2024-02-01 00:00:00+00:00,3229.89,15.699999999999818,1.004884589896677,0.004884589896676866,0.48845898966768664,1.0008738577099348,2.819999999999709,1.000873857709935,0.08738577099349776,15.699999999999818,1.004884589896677,15.699999999999818,0.48845898966768664
2024-02-02 00:00:00+00:00,3226.35,-3.5399999999999636,0.9989039874422968,-0.0010960125577031924,-0.10960125577031923,0.9997768873932078,-0.7200000000002547,0.999776887393208,-0.02231126067919753,-3.5399999999999636,0.9989039874422968,-3.5399999999999636,-0.10960125577031923
2024-02-05 00:00:00+00:00,3226.79,0.44000000000005457,1.000136377020472,0.00013637702047206737,0.013637702047206737,0.9999132339862473,-0.2800000000002001,0.9999132339862475,-0.008676601375245951,0.44000000000005457,1.000136377020472,0.44000000000005457,0.013637702047206737
2024-02-06 00:00:00+00:00,3238.4,11.610000000000127,1.003598002968895,0.0035980029688948236,0.35980029688948234,1.0035109247707672,11.329999999999927,1.0035109247707672,0.35109247707671987,11.610000000000127,1.003598002968895,11.610000000000127,0.35980029688948234
2024-02-07 00:00:00+00:00,3256.58,18.179999999999836,1.0056138833992094,0.0056138833992094355,0.5613883399209435,1.0091445180922631,29.509999999999764,1.0091445180922631,0.9144518092263132,18.179999999999836,1.0056138833992094,18.179999999999836,0.5613883399209435
2024-02-08 00:00:00+00:00,3241.81,-14.769999999999982,0.9954645671225641,-0.004535432877435832,-0.4535432877435832,1.0045676108668233,14.739999999999782,1.0045676108668233,0.4567610866823335,-14.769999999999982,0.9954645671225641,-14.769999999999982,-0.4535432877435832
2024-02-09 00:00:00+00:00,3242.38,0.5700000000001637,1.0001758277011916,0.00017582770119166876,0.017582770119166875,1.0047442416805337,15.309999999999945,1.0047442416805337,0.47442416805336673,0.5700000000001637,1.0001758277011916,0.5700000000001637,0.017582770119166875
2024-02-12 00:00:00+00:00,3248.5,6.119999999999891,1.0018875023902194,0.0018875023902194964,0.18875023902194962,1.0066406988382648,21.429999999999836,1.006640698838265,0.6640698838265013,6.119999999999891,1.0018875023902194,6.119999999999891,0.18875023902194962
2024-02-13 00:00:00+00:00,3254.6,6.099999999999909,1.001877789749115,0.0018777897491149482,0.1877789749114948,1.008530958423585,27.529999999999745,1.0085309584235853,0.8530958423585311,6.099999999999909,1.001877789749115,6.099999999999909,0.1877789749114948
2024-02-14 00:00:00+00:00,3258.14,3.5399999999999636,1.001087691267744,0.0010876912677441049,0.10876912677441049,1.0096279287403118,31.06999999999971,1.0096279287403123,0.9627928740312264,3.5399999999999636,1.001087691267744,3.5399999999999636,0.10876912677441049
2024-02-15 00:00:00+00:00,3265.63,7.4900000000002365,1.0022988576304273,0.002298857630427249,0.2298857630427249,1.011948919608189,38.559999999999945,1.0119489196081894,1.1948919608189446,7.4900000000002365,1.0022988576304273,7.4900000000002365,0.2298857630427249
2024-02-16 00:00:00+00:00,3242.48,-23.15000000000009,0.9929110156386363,-0.007088984361363685,-0.7088984361363685,1.0047752295425876,15.409999999999854,1.004775229542588,0.4775229542588022,-23.15000000000009,0.9929110156386363,-23.15000000000009,-0.7088984361363685
2024-02-19 00:00:00+00:00,3244.56,2.0799999999999272,1.000641484295971,0.0006414842959709627,0.06414842959709627,1.0054197770733198,17.48999999999978,1.0054197770733204,0.541977707332042,2.0799999999999272,1.000641484295971,2.0799999999999272,0.06414842959709627
2024-02-20 00:00:00+00:00,3207.49,-37.070000000000164,0.9885747219962028,-0.011425278003797175,-1.1425278003797175,0.9939325766097412,-19.580000000000382,0.9939325766097419,-0.606742339025812,-37.070000000000164,0.9885747219962028,-37.070000000000164,-1.1425278003797175
2024-02-21 00:00:00+00:00,3139.5,-67.98999999999978,0.9788027398370689,-0.021197260162931074,-2.1197260162931073,0.972863929198932,-87.57000000000016,0.9728639291989327,-2.713607080106728,-67.98999999999978,0.9788027398370689,-67.98999999999978,-2.1197260162931073
2024-02-22 00:00:00+00:00,3142.3,2.800000000000182,1.000891861761427,0.0008918617614270367,0.08918617614270367,0.9737315893364563,-84.76999999999998,0.9737315893364569,-2.626841066354313,2.800000000000182,1.000891861761427,2.800000000000182,0.08918617614270367
2024-02-26 00:00:00+00:00,3213.17,70.86999999999989,1.022553543582726,0.02255354358272599,2.2553543582725992,0.9956926871744332,-13.900000000000091,0.9956926871744337,-0.43073128255662896,70.86999999999989,1.022553543582726,70.86999999999989,2.2553543582725992
2024-02-27 00:00:00+00:00,3208.99,-4.180000000000291,0.9986991040000995,-0.0013008959999005003,-0.13008959999005004,0.9943973945405578,-18.080000000000382,0.9943973945405583,-0.560260545944169,-4.180000000000291,0.9986991040000995,-4.180000000000291,-0.13008959999005004
2024-02-28 00:00:00+00:00,3227.05,18.0600000000004,1.0056279390088472,0.0056279390088471454,0.5627939008847146,0.9999938024275885,-0.01999999999998181,0.9999938024275892,-0.0006197572410826524,18.0600000000004,1.0056279390088472,18.0600000000004,0.5627939008847146
2024-02-29 00:00:00+00:00,3256.8,29.75,1.00921894609628,0.009218946096279884,0.9218946096279884,1.0092126913887824,29.730000000000018,1.0092126913887831,0.9212691388783112,29.75,1.00921894609628,29.75,0.9218946096279884
2024-03-01 00:00:00+00:00,3266.66,9.859999999999673,1.0030275116678948,0.0030275116678947656,0.30275116678947656,1.0122680945873495,39.58999999999969,1.0122680945873501,1.226809458735012,9.859999999999673,1.0030275116678948,9.859999999999673,0.30275116678947656
2024-03-04 00:00:00+00:00,3296.75,30.090000000000146,1.0092112432882516,0.009211243288251654,0.9211243288251655,1.0215923422795283,69.67999999999984,1.021592342279529,2.1592342279528998,30.090000000000146,1.0092112432882516,30.090000000000146,0.9211243288251655
2024-03-05 00:00:00+00:00,3300.89,4.139999999999873,1.001255782209752,0.0012557822097519899,0.125578220975199,1.0228752397685819,73.81999999999971,1.0228752397685825,2.2875239768582523,4.139999999999873,1.001255782209752,4.139999999999873,0.125578220975199
2024-03-06 00:00:00+00:00,3310.58,9.690000000000055,1.002935571921512,0.0029355719215120937,0.29355719215120935,1.0258779636016564,83.50999999999976,1.025877963601657,2.587796360165706,9.690000000000055,1.002935571921512,9.690000000000055,0.29355719215120935
2024-03-07 00:00:00+00:00,3315.68,5.099999999999909,1.0015405155592072,0.0015405155592071206,0.15405155592071207,1.0274583445664325,88.60999999999967,1.0274583445664331,2.7458344566433146,5.099999999999909,1.0015405155592072,5.099999999999909,0.15405155592071207
2024-03-11 00:00:00+00:00,3320.31,4.630000000000109,1.0013963953095595,0.0013963953095594598,0.13963953095594597,1.0288930825795528,93.23999999999978,1.0288930825795535,2.8893082579553475,4.630000000000109,1.0013963953095595,4.630000000000109,0.13963953095594597
2024-03-12 00:00:00+00:00,3332.6,12.289999999999964,1.0037014616105122,0.0037014616105122606,0.37014616105122605,1.0327014908260426,105.52999999999975,1.0327014908260435,3.2701490826043456,12.289999999999964,1.0037014616105122,12.289999999999964,0.37014616105122605
2024-03-13 00:00:00+00:00,3320.68,-11.920000000000073,0.9964232131068835,-0.0035767868931165076,-0.35767868931165075,1.0290077376691542,93.60999999999967,1.0290077376691549,2.9007737669154876,-11.920000000000073,0.9964232131068835,-11.920000000000073,-0.35767868931165075
2024-03-14 00:00:00+00:00,3297.0,-23.679999999999836,0.9928689304600263,-0.007131069539973691,-0.7131069539973691,1.0216698119346646,69.92999999999984,1.0216698119346652,2.1669811934665217,-23.679999999999836,0.9928689304600263,-23.679999999999836,-0.7131069539973691
2024-03-15 00:00:00+00:00,3300.07,3.0700000000001637,1.0009311495298756,0.0009311495298756941,0.09311495298756942,1.0226211392997355,73.0,1.0226211392997362,2.2621139299736193,3.0700000000001637,1.0009311495298756,3.0700000000001637,0.09311495298756942
2024-03-18 00:00:00+00:00,3296.3,-3.769999999999982,0.9988575999903032,-0.0011424000096967584,-0.11424000096967583,1.0214528969002834,69.23000000000002,1.021452896900284,2.145289690028407,-3.769999999999982,0.9988575999903032,-3.769999999999982,-0.11424000096967583
2024-03-19 00:00:00+00:00,3264.97,-31.330000000000382,0.9904954039377483,-0.00950459606225173,-0.950459606225173,1.0117443997186293,37.899999999999636,1.0117443997186302,1.1744399718630172,-31.330000000000382,0.9904954039377483,-31.330000000000382,-0.950459606225173
2024-03-20 00:00:00+00:00,3267.1,2.130000000000109,1.0006523796543307,0.0006523796543307011,0.0652379654330701,1.0124044411803887,40.029999999999745,1.0124044411803896,1.2404441180389636,2.130000000000109,1.0006523796543307,2.130000000000109,0.0652379654330701
2024-03-21 00:00:00+00:00,3286.69,19.590000000000146,1.0059961433687368,0.005996143368736845,0.5996143368736845,1.0184749633568522,59.61999999999989,1.018474963356853,1.8474963356853058,19.590000000000146,1.0059961433687368,19.590000000000146,0.5996143368736845
2024-03-22 00:00:00+00:00,3273.49,-13.200000000000273,0.9959838013320391,-0.004016198667960858,-0.4016198667960858,1.014384565565667,46.41999999999962,1.0143845655656678,1.4384565565667806,-13.200000000000273,0.9959838013320391,-13.200000000000273,-0.4016198667960858
2024-03-25 00:00:00+00:00,3281.63,8.140000000000327,1.0024866426963273,0.0024866426963272618,0.24866426963272617,1.016906977536898,54.559999999999945,1.0169069775368988,1.6906977536898848,8.140000000000327,1.0024866426963273,8.140000000000327,0.24866426963272617
2024-03-26 00:00:00+00:00,3285.54,3.9099999999998545,1.0011914810627645,0.0011914810627644964,0.11914810627644964,1.0181186029432263,58.4699999999998,1.018118602943227,1.811860294322698,3.9099999999998545,1.0011914810627645,3.9099999999998545,0.11914810627644964
2024-03-27 00:00:00+00:00,3304.09,18.550000000000182,1.005645951654827,0.005645951654826963,0.5645951654826963,1.0238668513543239,77.01999999999998,1.0238668513543245,2.3866851354324536,18.550000000000182,1.005645951654827,18.550000000000182,0.5645951654826963
2024-03-28 00:00:00+00:00,3312.77,8.679999999999836,1.0026270470840686,0.0026270470840684835,0.26270470840684834,1.0265565977806488,85.69999999999982,1.0265565977806492,2.6556597780649227,8.679999999999836,1.0026270470840686,8.679999999999836,0.26270470840684834
2024-03-29 00:00:00+00:00,3332.53,19.76000000000022,1.0059647968316545,0.005964796831654543,0.5964796831654543,1.032679799322605,105.46000000000004,1.0326797993226053,3.267979932260534,19.76000000000022,1.0059647968316545,19.76000000000022,0.5964796831654543
2024-04-01 00:00:00+00:00,3363.29,30.759999999999764,1.0092302244841005,0.009230224484100597,0.9230224484100596,1.0422116656905485,136.2199999999998,1.042211665690549,4.2211665690548905,30.759999999999764,1.0092302244841005,30.759999999999764,0.9230224484100596
2024-04-02 00:00:00+00:00,3371.29,8.0,1.0023786233122924,0.002378623312292428,0.23786233122924277,1.044690694654903,144.2199999999998,1.0446906946549037,4.469069465490372,8.0,1.0023786233122924,8.0,0.23786233122924277
2024-04-03 00:00:00+00:00,3395.59,24.300000000000182,1.0072079233765117,0.007207923376511716,0.7207923376511716,1.0522207451341303,168.51999999999998,1.052220745134131,5.2220745134131,24.300000000000182,1.0072079233765117,24.300000000000182,0.7207923376511716
2024-04-04 00:00:00+00:00,3407.57,11.980000000000018,1.0035281055722276,0.003528105572227512,0.35281055722275123,1.0559330910082516,180.5,1.055933091008252,5.593309100825206,11.980000000000018,1.0035281055722276,11.980000000000018,0.35281055722275123
2024-04-05 00:00:00+00:00,3395.37,-12.200000000000273,0.9964197360582467,-0.003580263941753294,-0.3580263941753294,1.0521525718376108,168.29999999999973,1.052152571837611,5.215257183761102,-12.200000000000273,0.9964197360582467,-12.200000000000273,-0.3580263941753294
2024-04-08 00:00:00+00:00,3417.38,22.01000000000022,1.0064823568565429,0.006482356856542945,0.6482356856542945,1.0589730002757916,190.30999999999995,1.058973000275792,5.8973000275792,22.01000000000022,1.0064823568565429,22.01000000000022,0.6482356856542945
2024-04-09 00:00:00+00:00,3414.26,-3.119999999999891,0.9990870198807273,-0.0009129801192726272,-0.09129801192726272,1.0580061789796933,187.19000000000005,1.0580061789796937,5.800617897969373,-3.119999999999891,0.9990870198807273,-3.119999999999891,-0.09129801192726272
2024-04-10 00:00:00+00:00,3439.11,24.84999999999991,1.007278297493454,0.007278297493453899,0.7278297493453899,1.06570666270022,212.03999999999996,1.0657066627002203,6.57066627002203,24.84999999999991,1.007278297493454,24.84999999999991,0.7278297493453899
2024-04-11 00:00:00+00:00,3439.53,0.42000000000007276,1.000122124619451,0.00012212461945098376,0.012212461945098377,1.0658368117208488,212.46000000000004,1.065836811720849,6.583681172084899,0.42000000000007276,1.000122124619451,0.42000000000007276,0.012212461945098377
2024-04-12 00:00:00+00:00,3456.24,16.70999999999958,1.0048582219082256,0.004858221908225711,0.4858221908225711,1.0710148834701443,229.16999999999962,1.0710148834701447,7.101488347014473,16.70999999999958,1.0048582219082256,16.70999999999958,0.4858221908225711
2024-04-15 00:00:00+00:00,3472.19,15.950000000000273,1.0046148415619287,0.004614841561928649,0.4614841561928649,1.0759574474678266,245.1199999999999,1.0759574474678268,7.595744746782684,15.950000000000273,1.0046148415619287,15.950000000000273,0.4614841561928649
2024-04-16 00:00:00+00:00,3462.94,-9.25,0.9973359752778506,-0.0026640247221494215,-0.2664024722149422,1.0730910702277916,235.8699999999999,1.0730910702277918,7.309107022779182,-9.25,0.9973359752778506,-9.25,-0.2664024722149422
2024-04-17 00:00:00+00:00,3454.07,-8.86999999999989,0.9974385926409352,-0.0025614073590648095,-0.25614073590648095,1.0703424468635634,227.0,1.0703424468635636,7.034244686356361,-8.86999999999989,0.9974385926409352,-8.86999999999989,-0.25614073590648095
2024-04-18 00:00:00+00:00,3455.82,1.75,1.000506648678226,0.0005066486782259768,0.05066486782259769,1.0708847344495158,228.75,1.070884734449516,7.088473444951604,1.75,1.000506648678226,1.75,0.05066486782259769
2024-04-19 00:00:00+00:00,3470.88,15.059999999999945,1.0043578658610692,0.004357865861069137,0.4357865861069137,1.0755515064749135,243.80999999999995,1.0755515064749137,7.555150647491371,15.059999999999945,1.0043578658610692,15.059999999999945,0.4357865861069137
2024-04-22 00:00:00+00:00,3479.17,8.289999999999964,1.002388443276633,0.0023884432766330048,0.23884432766330047,1.078120400239226,252.0999999999999,1.0781204002392262,7.812040023922617,8.289999999999964,1.002388443276633,8.289999999999964,0.23884432766330047
2024-04-23 00:00:00+00:00,3439.42,-39.75,0.9885748612456419,-0.011425138754358079,-1.142513875435808,1.0658027250725888,212.3499999999999,1.065802725072589,6.5802725072589,-39.75,0.9885748612456419,-39.75,-1.142513875435808
2024-04-24 00:00:00+00:00,3428.93,-10.490000000000236,0.9969500671624866,-0.0030499328375133703,-0.30499328375133705,1.0625520983430785,201.85999999999967,1.062552098343079,6.2552098343078955,-10.490000000000236,0.9969500671624866,-10.490000000000236,-0.30499328375133705
2024-04-25 00:00:00+00:00,3439.76,10.830000000000382,1.0031584196819416,0.0031584196819417084,0.3158419681941708,1.0659080838035737,212.69000000000005,1.0659080838035742,6.590808380357416,10.830000000000382,1.0031584196819416,10.830000000000382,0.3158419681941708
2024-04-26 00:00:00+00:00,3449.77,10.009999999999764,1.0029100867502383,0.00291008675023832,0.291008675023832,1.0690099687952224,222.69999999999982,1.0690099687952228,6.900996879522281,10.009999999999764,1.0029100867502383,10.009999999999764,0.291008675023832
2024-04-27 00:00:00+00:00,3465.85,16.079999999999927,1.0046611803105714,0.004661180310571408,0.4661180310571408,1.0739928170135753,238.77999999999975,1.0739928170135757,7.399281701357574,16.079999999999927,1.0046611803105714,16.079999999999927,0.4661180310571408
2024-04-29 00:00:00+00:00,3478.08,12.230000000000018,1.0035287158994186,0.0035287158994186186,0.35287158994186185,1.0777826325428326,251.00999999999976,1.0777826325428328,7.77826325428328,12.230000000000018,1.0035287158994186,12.230000000000018,0.35287158994186185
2024-04-30 00:00:00+00:00,3469.83,-8.25,0.9976280016560861,-0.0023719983439138836,-0.23719983439138836,1.0752261339233418,242.75999999999976,1.0752261339233422,7.522613392334221,-8.25,0.9976280016560861,-8.25,-0.23719983439138836
2024-05-02 00:00:00+00:00,3442.83,-27.0,0.9922186389534934,-0.007781361046506601,-0.7781361046506601,1.0668594111686447,215.75999999999976,1.0668594111686451,6.685941116864513,-27.0,0.9922186389534934,-27.0,-0.7781361046506601
2024-05-03 00:00:00+00:00,3441.77,-1.0599999999999454,0.9996921137552537,-0.00030788624474631203,-0.030788624474631203,1.0665309398308678,214.69999999999982,1.0665309398308682,6.653093983086822,-1.0599999999999454,0.9996921137552537,-1.0599999999999454,-0.030788624474631203
2024-05-06 00:00:00+00:00,3436.05,-5.7199999999998,0.9983380644261529,-0.0016619355738471194,-0.16619355738471195,1.0647584341213543,208.98000000000002,1.0647584341213547,6.4758434121354735,-5.7199999999998,0.9983380644261529,-5.7199999999998,-0.16619355738471195
2024-05-07 00:00:00+00:00,3427.61,-8.440000000000055,0.9975436911569971,-0.0024563088430028823,-0.24563088430028823,1.0621430585639602,200.53999999999996,1.0621430585639604,6.214305856396041,-8.440000000000055,0.9975436911569971,-8.440000000000055,-0.24563088430028823
2024-05-08 00:00:00+00:00,3432.54,4.929999999999836,1.0014383199955654,0.0014383199955653753,0.14383199955653753,1.0636707601632438,205.4699999999998,1.063670760163244,6.367076016324402,4.929999999999836,1.0014383199955654,4.929999999999836,0.14383199955653753
2024-05-10 00:00:00+00:00,3449.78,17.240000000000236,1.0050225197667035,0.005022519766703443,0.5022519766703444,1.0690130675814282,222.71000000000004,1.0690130675814284,6.9013067581428444,17.240000000000236,1.0050225197667035,17.240000000000236,0.5022519766703444
2024-05-13 00:00:00+00:00,3457.11,7.329999999999927,1.0021247731739416,0.0021247731739415057,0.21247731739415057,1.0712844778700181,230.03999999999996,1.0712844778700183,7.128447787001835,7.329999999999927,1.0021247731739416,7.329999999999927,0.21247731739415057
2024-05-14 00:00:00+00:00,3463.93,6.819999999999709,1.0019727460219663,0.00197274602196624,0.19727460219662402,1.0733978500621304,236.85999999999967,1.0733978500621306,7.339785006213062,6.819999999999709,1.0019727460219663,6.819999999999709,0.19727460219662402
2024-05-15 00:00:00+00:00,3470.72,6.789999999999964,1.0019602012742752,0.0019602012742751624,0.19602012742751623,1.0755019258956264,243.64999999999964,1.0755019258956267,7.550192589562665,6.789999999999964,1.0019602012742752,6.789999999999964,0.19602012742751623
2024-05-16 00:00:00+00:00,3486.26,15.540000000000418,1.0044774571270516,0.004477457127051569,0.4477457127051569,1.0803174396588855,259.19000000000005,1.0803174396588857,8.031743965888571,15.540000000000418,1.0044774571270516,15.540000000000418,0.4477457127051569
2024-05-17 00:00:00+00:00,3501.89,15.629999999999654,1.0044833144974843,0.004483314497484311,0.4483314497484311,1.0851608424979933,274.8199999999997,1.0851608424979935,8.516084249799349,15.629999999999654,1.0044833144974843,15.629999999999654,0.4483314497484311
2024-05-20 00:00:00+00:00,3468.09,-33.79999999999973,0.990348069185497,-0.009651930814502947,-0.9651930814502947,1.0746869451235948,241.01999999999998,1.074686945123595,7.468694512359497,-33.79999999999973,0.990348069185497,-33.79999999999973,-0.9651930814502947
2024-05-21 00:00:00+00:00,3428.38,-39.710000000000036,0.9885498934572056,-0.011450106542794459,-1.1450106542794458,1.0623816651017792,201.30999999999995,1.0623816651017797,6.238166510177967,-39.710000000000036,0.9885498934572056,-39.710000000000036,-1.1450106542794458
2024-05-22 00:00:00+00:00,3444.64,16.259999999999764,1.004742764804368,0.0047427648043681745,0.47427648043681747,1.0674202914718298,217.5699999999997,1.0674202914718305,6.7420291471830485,16.259999999999764,1.004742764804368,16.259999999999764,0.47427648043681747
2024-05-23 00:00:00+00:00,3442.79,-1.849999999999909,0.9994629337173115,-0.0005370662826884404,-0.05370662826884404,1.0668470160238228,215.7199999999998,1.0668470160238235,6.684701602382348,-1.849999999999909,0.9994629337173115,-1.849999999999909,-0.05370662826884404
2024-05-24 00:00:00+00:00,3396.5,-46.289999999999964,0.9865545095692738,-0.013445490430726232,-1.3445490430726232,1.0525027346788258,169.42999999999984,1.0525027346788263,5.250273467882627,-46.289999999999964,0.9865545095692738,-46.289999999999964,-1.3445490430726232
2024-05-27 00:00:00+00:00,3299.22,-97.2800000000002,0.9713587516561165,-0.028641248343883468,-2.8641248343883468,1.022357742472273,72.14999999999964,1.0223577424722734,2.23577424722734,-97.2800000000002,0.9713587516561165,-97.2800000000002,-2.8641248343883468
2024-05-28 00:00:00+00:00,3302.91,3.6900000000000546,1.0011184461781877,0.0011184461781875883,0.11184461781875883,1.0235011945820816,75.83999999999969,1.023501194582082,2.3501194582081997,3.6900000000000546,1.0011184461781877,3.6900000000000546,0.11184461781875883
2024-05-29 00:00:00+00:00,3318.03,15.120000000000346,1.0045777814109378,0.004577781410937732,0.45777814109377324,1.028186559324712,90.96000000000004,1.0281865593247126,2.818655932471259,15.120000000000346,1.0045777814109378,15.120000000000346,0.45777814109377324
2024-05-30 00:00:00+00:00,3282.18,-35.850000000000364,0.9891953960633266,-0.010804603936673375,-1.0804603936673376,1.0170774107781975,55.10999999999967,1.0170774107781981,1.7077410778198132,-35.850000000000364,0.9891953960633266,-35.850000000000364,-1.0804603936673376
2024-05-31 00:00:00+00:00,3217.19,-64.98999999999978,0.9801991359401374,-0.01980086405986259,-1.9800864059862588,0.9969383992290214,-9.88000000000011,0.9969383992290219,-0.3061600770978057,-64.98999999999978,0.9801991359401374,-64.98999999999978,-1.9800864059862588
2024-06-03 00:00:00+00:00,3141.42,-75.76999999999998,0.9764483912979961,-0.023551608702003915,-2.3551608702003914,0.9734588961503773,-85.65000000000009,0.9734588961503778,-2.654110384962216,-75.76999999999998,0.9764483912979961,-75.76999999999998,-2.3551608702003914
2024-06-04 00:00:00+00:00,3186.93,45.50999999999976,1.014487079091621,0.01448707909162091,1.4487079091620911,0.9875614721713498,-40.14000000000033,0.9875614721713504,-1.2438527828649626,45.50999999999976,1.014487079091621,45.50999999999976,1.4487079091620911
2024-06-05 00:00:00+00:00,3212.24,25.309999999999945,1.0079418123397752,0.007941812339775253,0.7941812339775253,0.9954045000573268,-14.830000000000382,0.9954045000573274,-0.45954999426726095,25.309999999999945,1.0079418123397752,25.309999999999945,0.7941812339775253
2024-06-06 00:00:00+00:00,3192.38,-19.859999999999673,0.9938173984509253,-0.006182601549074687,-0.6182601549074687,0.9892503106533165,-34.690000000000055,0.989250310653317,-1.0749689346682967,-19.859999999999673,0.9938173984509253,-19.859999999999673,-0.6182601549074687
2024-06-07 00:00:00+00:00,3233.22,40.83999999999969,1.012792963243724,0.012792963243724021,1.279296324372402,1.001905753516347,6.149999999999636,1.0019057535163476,0.19057535163475858,40.83999999999969,1.012792963243724,40.83999999999969,1.279296324372402
2024-06-10 00:00:00+00:00,3180.94,-52.279999999999745,0.9838303610642023,-0.016169638935797672,-1.6169638935797672,0.9857052992342893,-46.13000000000011,0.9857052992342898,-1.4294700765710155,-52.279999999999745,0.9838303610642023,-52.279999999999745,-1.6169638935797672
2024-06-11 00:00:00+00:00,3171.1,-9.840000000000146,0.9969065747860695,-0.003093425213930519,-0.3093425213930519,0.982656093608133,-55.970000000000255,0.9826560936081337,-1.7343906391866337,-9.840000000000146,0.9969065747860695,-9.840000000000146,-0.3093425213930519
2024-06-13 00:00:00+00:00,3171.69,0.5900000000001455,1.000186055312037,0.00018605531203687853,0.018605531203687853,0.9828389219942543,-55.38000000000011,0.9828389219942548,-1.7161078005745178,0.5900000000001455,1.000186055312037,0.5900000000001455,0.018605531203687853
2024-06-14 00:00:00+00:00,3215.91,44.2199999999998,1.0139420939625245,0.013942093962524648,1.3942093962524649,0.9965417545947245,-11.16000000000031,0.9965417545947252,-0.345824540527484,44.2199999999998,1.0139420939625245,44.2199999999998,1.3942093962524649
2024-06-17 00:00:00+00:00,3183.68,-32.23000000000002,0.9899779533631227,-0.010022046636877282,-1.0022046636877282,0.9865543666545806,-43.39000000000033,0.9865543666545813,-1.3445633345418706,-32.23000000000002,0.9899779533631227,-32.23000000000002,-1.0022046636877282
2024-06-18 00:00:00+00:00,3114.15,-69.52999999999975,0.9781604935169365,-0.021839506483063546,-2.1839506483063547,0.9650085061681333,-112.92000000000007,0.9650085061681339,-3.499149383186606,-69.52999999999975,0.9781604935169365,-69.52999999999975,-2.1839506483063547
2024-06-19 00:00:00+00:00,3027.47,-86.68000000000029,0.9721657595170431,-0.027834240482956917,-2.7834240482956916,0.9381482273393504,-199.60000000000036,0.9381482273393511,-6.18517726606489,-86.68000000000029,0.9721657595170431,-86.68000000000029,-2.7834240482956916
2024-06-20 00:00:00+00:00,3123.43,95.96000000000004,1.0316964329952072,0.03169643299520723,3.169643299520723,0.9678841797667845,-103.64000000000033,0.9678841797667852,-3.21158202332148,95.96000000000004,1.0316964329952072,95.96000000000004,3.169643299520723
2024-06-21 00:00:00+00:00,3114.35,-9.079999999999927,0.9970929394928012,-0.0029070605071987938,-0.29070605071987937,0.965070481892242,-112.72000000000025,0.9650704818922428,-3.492951810775724,-9.079999999999927,0.9970929394928012,-9.079999999999927,-0.29070605071987937
2024-06-24 00:00:00+00:00,3098.05,-16.299999999999727,0.9947661630837896,-0.005233836916210358,-0.5233836916210358,0.9600194603773694,-129.01999999999998,0.9600194603773702,-3.998053962262982,-16.299999999999727,0.9947661630837896,-16.299999999999727,-0.5233836916210358
2024-06-25 00:00:00+00:00,3111.39,13.33999999999969,1.0043059343780765,0.004305934378076432,0.4305934378076432,0.9641532411754308,-115.68000000000029,0.9641532411754314,-3.584675882456856,13.33999999999969,1.0043059343780765,13.33999999999969,0.4305934378076432
2024-06-26 00:00:00+00:00,3151.7,40.309999999999945,1.0129556243351043,0.01295562433510423,1.295562433510423,0.9766444483695729,-75.37000000000035,0.9766444483695735,-2.3355551630426463,40.309999999999945,1.0129556243351043,40.309999999999945,1.295562433510423
2024-06-27 00:00:00+00:00,3150.32,-1.3799999999996544,0.999562141066726,-0.0004378589332739964,-0.04378589332739964,0.9762168158732218,-76.75,0.9762168158732225,-2.378318412677749,-1.3799999999996544,0.999562141066726,-1.3799999999996544,-0.04378589332739964
2024-06-28 00:00:00+00:00,3154.36,4.039999999999964,1.0012824094060286,0.0012824094060285823,0.12824094060285823,0.977468725500221,-72.71000000000004,0.9774687255002216,-2.253127449977843,4.039999999999964,1.0012824094060286,4.039999999999964,0.12824094060285823
2024-07-01 00:00:00+00:00,3186.19,31.829999999999927,1.0100907949631621,0.010090794963162076,1.0090794963162075,0.9873321619921471,-40.88000000000011,0.9873321619921477,-1.2667838007852317,31.829999999999927,1.0100907949631621,31.829999999999927,1.0090794963162075
2024-07-02 00:00:00+00:00,3217.29,31.09999999999991,1.0097608742730346,0.009760874273034537,0.9760874273034537,0.996969387091076,-9.7800000000002,0.9969693870910764,-0.3030612908923591,31.09999999999991,1.0097608742730346,31.09999999999991,0.9760874273034537
2024-07-03 00:00:00+00:00,3203.07,-14.2199999999998,0.995580131104128,-0.004419868895871929,-0.4419868895871929,0.9925629131069356,-24.0,0.992562913106936,-0.7437086893063993,-14.2199999999998,0.995580131104128,-14.2199999999998,-0.4419868895871929
2024-07-04 00:00:00+00:00,3133.81,-69.26000000000022,0.9783769945708335,-0.02162300542916646,-2.162300542916646,0.9711007198480349,-93.26000000000022,0.9711007198480355,-2.8899280151964524,-69.26000000000022,0.9783769945708335,-69.26000000000022,-2.162300542916646
2024-07-05 00:00:00+00:00,3149.29,15.480000000000018,1.0049396740708594,0.004939674070859439,0.4939674070859439,0.9758976408940612,-77.7800000000002,0.9758976408940617,-2.4102359105938276,15.480000000000018,1.0049396740708594,15.480000000000018,0.4939674070859439
2024-07-08 00:00:00+00:00,3132.58,-16.710000000000036,0.9946940421491828,-0.00530595785081718,-0.530595785081718,0.9707195691447653,-94.49000000000024,0.9707195691447659,-2.928043085523413,-16.710000000000036,0.9946940421491828,-16.710000000000036,-0.530595785081718
2024-07-09 00:00:00+00:00,3054.07,-78.50999999999976,0.9749375913783528,-0.025062408621647256,-2.5062408621647254,0.9463909986458299,-173.0,0.9463909986458304,-5.360900135416957,-78.50999999999976,0.9749375913783528,-78.50999999999976,-2.5062408621647254
2024-07-10 00:00:00+00:00,2975.75,-78.32000000000016,0.9743555321259827,-0.02564446787401735,-2.5644467874017347,0.9221213050847977,-251.32000000000016,0.9221213050847983,-7.787869491520172,-78.32000000000016,0.9743555321259827,-78.32000000000016,-2.5644467874017347
2024-07-11 00:00:00+00:00,2992.21,16.460000000000036,1.0055313786440394,0.00553137864403933,0.553137864403933,0.9272219071789575,-234.86000000000013,0.9272219071789579,-7.277809282104208,16.460000000000036,1.0055313786440394,16.460000000000036,0.553137864403933
2024-07-12 00:00:00+00:00,2973.21,-19.0,0.9936501782963094,-0.0063498217036905835,-0.6349821703690584,0.9213342133886151,-253.86000000000013,0.9213342133886157,-7.866578661138435,-19.0,0.9936501782963094,-19.0,-0.6349821703690584
2024-07-15 00:00:00+00:00,2913.48,-59.73000000000002,0.9799106016729393,-0.020089398327060658,-2.0089398327060657,0.902825163383502,-313.59000000000015,0.9028251633835026,-9.717483661649739,-59.73000000000002,0.9799106016729393,-59.73000000000002,-2.0089398327060657
2024-07-16 00:00:00+00:00,2944.86,31.38000000000011,1.0107706248198032,0.010770624819803159,1.0770624819803158,0.9125491544961832,-282.21000000000004,0.9125491544961838,-8.745084550381621,31.38000000000011,1.0107706248198032,31.38000000000011,1.0770624819803158
2024-07-17 00:00:00+00:00,2947.24,2.3799999999996544,1.0008081878255672,0.0008081878255671421,0.08081878255671421,0.9132866656130787,-279.8300000000004,0.9132866656130793,-8.671333438692075,2.3799999999996544,1.0008081878255672,2.3799999999996544,0.08081878255671421
2024-07-18 00:00:00+00:00,2980.62,33.38000000000011,1.0113258506263487,0.011325850626348758,1.1325850626348757,0.9236304139668485,-246.45000000000027,0.9236304139668491,-7.636958603315092,33.38000000000011,1.0113258506263487,33.38000000000011,1.1325850626348757
2024-07-19 00:00:00+00:00,3008.24,27.61999999999989,1.0092665284403917,0.00926652844039156,0.9266528440391559,0.932189261466283,-218.83000000000038,0.9321892614662836,-6.781073853371645,27.61999999999989,1.0092665284403917,27.61999999999989,0.9266528440391559
2024-07-22 00:00:00+00:00,3024.54,16.300000000000182,1.0054184506555328,0.005418450655532864,0.5418450655532864,0.9372402829811556,-202.5300000000002,0.9372402829811562,-6.275971701884375,16.300000000000182,1.0054184506555328,16.300000000000182,0.5418450655532864
2024-07-23 00:00:00+00:00,3028.01,3.4700000000002547,1.0011472819007188,0.0011472819007188712,0.11472819007188713,0.9383155617944444,-199.05999999999995,0.9383155617944451,-6.168443820555492,3.4700000000002547,1.0011472819007188,3.4700000000002547,0.11472819007188713
2024-07-24 00:00:00+00:00,3051.76,23.75,1.0078434351273609,0.007843435127360873,0.7843435127360873,0.9456751790323723,-175.30999999999995,0.9456751790323731,-5.432482096762692,23.75,1.0078434351273609,23.75,0.7843435127360873
2024-07-25 00:00:00+00:00,3041.37,-10.390000000000327,0.996595407240412,-0.003404592759588017,-0.3404592759588017,0.9424555401649166,-185.70000000000027,0.9424555401649173,-5.754445983508272,-10.390000000000327,0.996595407240412,-10.390000000000327,-0.3404592759588017
2024-07-26 00:00:00+00:00,2993.23,-48.13999999999987,0.9841716068745335,-0.015828393125466442,-1.5828393125466442,0.9275379833719125,-233.84000000000015,0.9275379833719132,-7.246201662808682,-48.13999999999987,0.9841716068745335,-48.13999999999987,-1.5828393125466442
2024-07-29 00:00:00+00:00,2906.95,-86.2800000000002,0.9711749514738258,-0.028825048526174134,-2.8825048526174135,0.9008016559913474,-320.12000000000035,0.9008016559913481,-9.919834400865192,-86.2800000000002,0.9711749514738258,-86.2800000000002,-2.8825048526174135
2024-07-30 00:00:00+00:00,2944.78,37.83000000000038,1.0130136397254856,0.013013639725485606,1.3013639725485606,0.9125243642065397,-282.28999999999996,0.9125243642065403,-8.747563579345973,37.83000000000038,1.0130136397254856,37.83000000000038,1.3013639725485606
2024-07-31 00:00:00+00:00,2942.68,-2.100000000000364,0.9992868737223153,-0.0007131262776847043,-0.07131262776847043,0.9118736191033965,-284.3900000000003,0.9118736191033971,-8.812638089660286,-2.100000000000364,0.9992868737223153,-2.100000000000364,-0.07131262776847043
2024-08-01 00:00:00+00:00,2935.69,-6.989999999999782,0.9976246142971713,-0.0023753857028286397,-0.23753857028286396,0.9097075675457916,-291.3800000000001,0.9097075675457923,-9.029243245420771,-6.989999999999782,0.9976246142971713,-6.989999999999782,-0.23753857028286396
2024-08-02 00:00:00+00:00,2899.0,-36.690000000000055,0.9875020863919556,-0.012497913608044465,-1.2497913608044464,0.8983381209580201,-328.07000000000016,0.8983381209580207,-10.166187904197932,-36.690000000000055,0.9875020863919556,-36.690000000000055,-1.2497913608044464
2024-08-05 00:00:00+00:00,2828.72,-70.2800000000002,0.9757571576405657,-0.024242842359434358,-2.4242842359434356,0.8765598515061644,-398.35000000000036,0.8765598515061649,-12.34401484938351,-70.2800000000002,0.9757571576405657,-70.2800000000002,-2.4242842359434356
2024-08-06 00:00:00+00:00,2830.75,2.0300000000002,1.0007176390735033,0.0007176390735032807,0.07176390735032806,0.8771889051058696,-396.32000000000016,0.87718890510587,-12.281109489413,2.0300000000002,1.0007176390735033,2.0300000000002,0.07176390735032806
2024-08-07 00:00:00+00:00,2874.94,44.190000000000055,1.0156107038770643,0.015610703877064402,1.5610703877064402,0.8908824413477235,-352.1300000000001,0.8908824413477241,-10.91175586522759,44.190000000000055,1.0156107038770643,44.190000000000055,1.5610703877064402
2024-08-08 00:00:00+00:00,2852.51,-22.429999999999836,0.9921980980472637,-0.007801901952736348,-0.7801901952736348,0.8839318638889142,-374.55999999999995,0.8839318638889148,-11.606813611108524,-22.429999999999836,0.9921980980472637,-22.429999999999836,-0.7801901952736348
2024-08-09 00:00:00+00:00,2848.29,-4.220000000000255,0.9985206011547724,-0.0014793988452276256,-0.14793988452276255,0.882624176110217,-378.7800000000002,0.8826241761102176,-11.73758238897824,-4.220000000000255,0.9985206011547724,-4.220000000000255,-0.14793988452276255
2024-08-12 00:00:00+00:00,2844.77,-3.519999999999982,0.9987641707831717,-0.0012358292168283362,-0.12358292168283362,0.881533403365901,-382.3000000000002,0.8815334033659016,-11.846659663409842,-3.519999999999982,0.9987641707831717,-3.519999999999982,-0.12358292168283362
2024-08-13 00:00:00+00:00,2884.6,39.82999999999993,1.0140011319017004,0.014001131901700287,1.4001131901700288,0.8938758688221818,-342.47000000000025,0.8938758688221823,-10.612413117781772,39.82999999999993,1.0140011319017004,39.82999999999993,1.4001131901700288
2024-08-14 00:00:00+00:00,2871.11,-13.489999999999782,0.9953234417250226,-0.004676558274977391,-0.46765582749773904,0.8896956062310388,-355.96000000000004,0.8896956062310393,-11.030439376896073,-13.489999999999782,0.9953234417250226,-13.489999999999782,-0.46765582749773904
2024-08-15 00:00:00+00:00,2838.11,-33.0,0.9885061875023945,-0.011493812497605456,-1.1493812497605456,0.8794696117530758,-388.96000000000004,0.8794696117530764,-12.053038824692363,-33.0,0.9885061875023945,-33.0,-1.1493812497605456
2024-08-16 00:00:00+00:00,2828.2,-9.91000000000031,0.9965082396383508,-0.0034917603616492344,-0.34917603616492343,0.8763987146234814,-398.87000000000035,0.8763987146234818,-12.360128537651816,-9.91000000000031,0.9965082396383508,-9.91000000000031,-0.34917603616492343
2024-08-19 00:00:00+00:00,2775.64,-52.559999999999945,0.981415741461,-0.018584258539000052,-1.8584258539000051,0.8601114943276713,-451.4300000000003,0.8601114943276718,-13.988850567232824,-52.559999999999945,0.981415741461,-52.559999999999945,-1.8584258539000051
2024-08-20 00:00:00+00:00,2768.42,-7.2199999999998,0.9973987981150294,-0.0026012018849706016,-0.26012018849706015,0.8578741706873413,-458.6500000000001,0.8578741706873417,-14.212582931265827,-7.2199999999998,0.9973987981150294,-7.2199999999998,-0.26012018849706015
2024-08-21 00:00:00+00:00,2768.14,-0.2800000000002001,0.9998988592771327,-0.00010114072286726728,-0.010114072286726727,0.8577874046735888,-458.9300000000003,0.8577874046735893,-14.221259532641072,-0.2800000000002001,0.9998988592771327,-0.2800000000002001,-0.010114072286726727
2024-08-22 00:00:00+00:00,2725.75,-42.38999999999987,0.9846864681699625,-0.015313531830037452,-1.5313531830037452,0.8446516499487146,-501.32000000000016,0.844651649948715,-15.5348350051285,-42.38999999999987,0.9846864681699625,-42.38999999999987,-1.5313531830037452
2024-08-23 00:00:00+00:00,2662.47,-63.2800000000002,0.9767843712739612,-0.02321562872603878,-2.321562872603878,0.8250425308406691,-564.6000000000004,0.8250425308406696,-17.49574691593304,-63.2800000000002,0.9767843712739612,-63.2800000000002,-2.321562872603878
2024-08-26 00:00:00+00:00,2763.75,101.2800000000002,1.0380398652379184,0.038039865237918254,3.8039865237918256,0.8564270375293993,-463.32000000000016,0.8564270375293996,-14.357296247060036,101.2800000000002,1.0380398652379184,101.2800000000002,3.8039865237918256
2024-08-27 00:00:00+00:00,2730.38,-33.36999999999989,0.9879258254183628,-0.012074174581637228,-1.2074174581637227,0.846086387961835,-496.69000000000005,0.8460863879618353,-15.391361203816468,-33.36999999999989,0.9879258254183628,-33.36999999999989,-1.2074174581637227
2024-08-28 00:00:00+00:00,2699.98,-30.40000000000009,0.9888660186494187,-0.01113398135058127,-1.113398135058127,0.8366660778972872,-527.0900000000001,0.8366660778972876,-16.333392210271235,-30.40000000000009,0.9888660186494187,-30.40000000000009,-1.113398135058127
2024-08-29 00:00:00+00:00,2708.27,8.289999999999964,1.003070393114023,0.0030703931140230534,0.30703931140230534,0.8392349716615997,-518.8000000000002,0.8392349716616001,-16.07650283383999,8.289999999999964,1.003070393114023,8.289999999999964,0.30703931140230534
2024-08-30 00:00:00+00:00,2650.32,-57.94999999999982,0.9786025765525594,-0.02139742344744055,-2.1397423447440547,0.8212775056010556,-576.75,0.8212775056010561,-17.872249439894393,-57.94999999999982,0.9786025765525594,-57.94999999999982,-2.1397423447440547
2024-09-02 00:00:00+00:00,2545.07,-105.25,0.9602878143016692,-0.039712185698330765,-3.9712185698330766,0.7886627807887646,-682.0,0.7886627807887651,-21.133721921123495,-105.25,0.9602878143016692,-105.25,-3.9712185698330766
2024-09-03 00:00:00+00:00,2524.38,-20.690000000000055,0.991870557587807,-0.008129442412193006,-0.8129442412193006,0.7822513921297023,-702.69,0.7822513921297027,-21.774860787029727,-20.690000000000055,0.991870557587807,-20.690000000000055,-0.8129442412193006
2024-09-04 00:00:00+00:00,2605.15,80.76999999999998,1.0319959752493681,0.031995975249368154,3.1995975249368156,0.807280288311068,-621.9200000000001,0.8072802883110686,-19.271971168893142,80.76999999999998,1.0319959752493681,80.76999999999998,3.1995975249368156
2024-09-05 00:00:00+00:00,2621.62,16.4699999999998,1.006322092777767,0.006322092777767038,0.6322092777767038,0.8123839891914331,-605.4500000000003,0.8123839891914336,-18.76160108085664,16.4699999999998,1.006322092777767,16.4699999999998,0.6322092777767038
2024-09-06 00:00:00+00:00,2623.37,1.75,1.0006675261860987,0.0006675261860986718,0.06675261860986718,0.8129262767773856,-603.7000000000003,0.8129262767773863,-18.707372322261374,1.75,1.0006675261860987,1.75,0.06675261860986718
2024-09-09 00:00:00+00:00,2703.17,79.80000000000018,1.0304188886813528,0.03041888868135268,3.0418888681352683,0.8376545906968235,-523.9000000000001,0.837654590696824,-16.2345409303176,79.80000000000018,1.0304188886813528,79.80000000000018,3.0418888681352683
2024-09-10 00:00:00+00:00,2671.38,-31.789999999999964,0.9882397333501037,-0.011760266649896219,-1.1760266649896218,0.8278035493497191,-555.69,0.8278035493497197,-17.219645065028033,-31.789999999999964,0.9882397333501037,-31.789999999999964,-1.1760266649896218
2024-09-11 00:00:00+00:00,2668.03,-3.349999999999909,0.9987459665042039,-0.0012540334957961462,-0.12540334957961463,0.8267654559708957,-559.04,0.8267654559708962,-17.323454402910375,-3.349999999999909,0.9987459665042039,-3.349999999999909,-0.12540334957961463
2024-09-12 00:00:00+00:00,2615.0,-53.0300000000002,0.9801239116501688,-0.019876088349831223,-1.9876088349831222,0.8103325927234296,-612.0700000000002,0.8103325927234302,-18.966740727656983,-53.0300000000002,0.9801239116501688,-53.0300000000002,-1.9876088349831222
2024-09-13 00:00:00+00:00,2678.99,63.98999999999978,1.0244703632887189,0.024470363288718846,2.4470363288718846,0.8301617256520614,-548.0800000000004,0.830161725652062,-16.983827434793795,63.98999999999978,1.0244703632887189,63.98999999999978,2.4470363288718846
2024-09-16 00:00:00+00:00,2744.2,65.21000000000004,1.0243412629386448,0.024341262938644803,2.4341262938644803,0.8503689104977573,-482.87000000000035,0.850368910497758,-14.963108950224202,65.21000000000004,1.0243412629386448,65.21000000000004,2.4341262938644803
2024-09-17 00:00:00+00:00,2774.04,29.840000000000146,1.0108738430143576,0.010873843014357608,1.087384301435761,0.8596156885348002,-453.0300000000002,0.8596156885348009,-14.038431146519914,29.840000000000146,1.0108738430143576,29.840000000000146,1.087384301435761
2024-09-18 00:00:00+00:00,2751.73,-22.309999999999945,0.9919575781171144,-0.008042421882885592,-0.8042421882885592,0.8527022965104561,-475.34000000000015,0.8527022965104568,-14.729770348954318,-22.309999999999945,0.9919575781171144,-22.309999999999945,-0.8042421882885592
2024-09-19 00:00:00+00:00,2758.91,7.179999999999836,1.0026092676243672,0.0026092676243671567,0.26092676243671564,0.8549272250059644,-468.1600000000003,0.8549272250059651,-14.507277499403493,7.179999999999836,1.0026092676243672,7.179999999999836,0.26092676243671564
2024-09-20 00:00:00+00:00,2782.35,23.440000000000055,1.0084961089705717,0.008496108970571731,0.8496108970571731,0.8621907798715236,-444.72000000000025,0.8621907798715243,-13.780922012847574,23.440000000000055,1.0084961089705717,23.440000000000055,0.8496108970571731
2024-09-23 00:00:00+00:00,2819.87,37.51999999999998,1.0134850036839362,0.013485003683936235,1.3485003683936234,0.873817425714347,-407.2000000000003,0.8738174257143476,-12.618257428565238,37.51999999999998,1.0134850036839362,37.51999999999998,1.3485003683936234
2024-09-24 00:00:00+00:00,2871.96,52.090000000000146,1.0184724827740286,0.01847248277402864,1.8472482774028642,0.8899590030585012,-355.1100000000001,0.889959003058502,-11.004099694149804,52.090000000000146,1.0184724827740286,52.090000000000146,1.8472482774028642
2024-09-25 00:00:00+00:00,2830.11,-41.84999999999991,0.9854280700288305,-0.014571929971169482,-1.4571929971169482,0.8769905827887209,-396.96000000000004,0.8769905827887217,-12.300941721127835,-41.84999999999991,0.9854280700288305,-41.84999999999991,-1.4571929971169482
2024-09-26 00:00:00+00:00,2829.65,-0.4600000000000364,0.9998374621481144,-0.00016253785188562861,-0.016253785188562863,0.8768480386232705,-397.4200000000001,0.8768480386232712,-12.31519613767288,-0.4600000000000364,0.9998374621481144,-0.4600000000000364,-0.016253785188562863
2024-09-27 00:00:00+00:00,2858.56,28.909999999999854,1.010216811266411,0.010216811266410988,1.0216811266410988,0.8858066295432071,-368.5100000000002,0.8858066295432079,-11.419337045679212,28.909999999999854,1.010216811266411,28.909999999999854,1.0216811266410988
2024-09-30 00:00:00+00:00,2857.56,-1.0,0.999650173513937,-0.0003498264860629128,-0.03498264860629128,0.8854967509226628,-369.5100000000002,0.8854967509226636,-11.450324907733645,-1.0,0.999650173513937,-1.0,-0.03498264860629128
2024-10-01 00:00:00+00:00,2814.19,-43.36999999999989,0.984822715883481,-0.01517728411651895,-1.517728411651895,0.8720573151496551,-412.8800000000001,0.8720573151496559,-12.79426848503441,-43.36999999999989,0.984822715883481,-43.36999999999989,-1.517728411651895
2024-10-02 00:00:00+00:00,2766.79,-47.40000000000009,0.9831567875658715,-0.016843212434128504,-1.6843212434128503,0.8573690685358538,-460.2800000000002,0.8573690685358545,-14.263093146414551,-47.40000000000009,0.9831567875658715,-47.40000000000009,-1.6843212434128503
2024-10-03 00:00:00+00:00,2782.39,15.599999999999909,1.0056383028708358,0.005638302870835846,0.5638302870835845,0.8622031750163454,-444.6800000000003,0.862203175016346,-13.779682498365398,15.599999999999909,1.0056383028708358,15.599999999999909,0.5638302870835845
2024-10-04 00:00:00+00:00,2804.62,22.230000000000018,1.0079895341774519,0.007989534177451766,0.7989534177451766,0.869091776751046,-422.4500000000003,0.8690917767510465,-13.090822324895345,22.230000000000018,1.0079895341774519,22.230000000000018,0.7989534177451766
2024-10-07 00:00:00+00:00,2793.84,-10.779999999999745,0.9961563420356413,-0.0038436579643587173,-0.3843657964358717,0.8657512852215782,-433.23,0.8657512852215787,-13.424871477842126,-10.779999999999745,0.9961563420356413,-10.779999999999745,-0.3843657964358717
2024-10-08 00:00:00+00:00,2788.37,-5.470000000000255,0.9980421212381524,-0.0019578787618475843,-0.19578787618475843,0.8640562491672006,-438.7000000000003,0.8640562491672011,-13.594375083279886,-5.470000000000255,0.9980421212381524,-5.470000000000255,-0.19578787618475843
2024-10-09 00:00:00+00:00,2748.81,-39.559999999999945,0.9858124997758547,-0.01418750022414527,-1.418750022414527,0.8517974509384668,-478.2600000000002,0.8517974509384674,-14.820254906153263,-39.559999999999945,0.9858124997758547,-39.559999999999945,-1.418750022414527
2024-10-10 00:00:00+00:00,2761.54,12.730000000000018,1.0046310949101611,0.004631094910161131,0.4631094910161131,0.8557422057779962,-465.5300000000002,0.8557422057779968,-14.425779422200325,12.730000000000018,1.0046310949101611,12.730000000000018,0.4631094910161131
2024-10-11 00:00:00+00:00,2754.52,-7.019999999999982,0.9974579401348523,-0.002542059865147701,-0.2542059865147701,0.853566857861775,-472.5500000000002,0.8535668578617754,-14.643314213822457,-7.019999999999982,0.9974579401348523,-7.019999999999982,-0.2542059865147701
2024-10-14 00:00:00+00:00,2773.36,18.840000000000146,1.006839667165241,0.006839667165241184,0.6839667165241184,0.8594049710728302,-453.71000000000004,0.8594049710728308,-14.059502892716925,18.840000000000146,1.006839667165241,18.840000000000146,0.6839667165241184
2024-10-15 00:00:00+00:00,2805.79,32.429999999999836,1.0116933971788733,0.011693397178873221,1.1693397178873222,0.8694543347370829,-421.2800000000002,0.8694543347370834,-13.054566526291655,32.429999999999836,1.0116933971788733,32.429999999999836,1.1693397178873222
2024-10-16 00:00:00+00:00,2783.46,-22.329999999999927,0.992041457129721,-0.007958542870278933,-0.7958542870278933,0.8625347451403279,-443.6100000000001,0.8625347451403285,-13.746525485967155,-22.329999999999927,0.992041457129721,-22.329999999999927,-0.7958542870278933
2024-10-17 00:00:00+00:00,2763.53,-19.929999999999836,0.9928398468093668,-0.007160153190633182,-0.7160153190633182,0.8563588642328793,-463.53999999999996,0.85635886423288,-14.364113576712,-19.929999999999836,0.9928398468093668,-19.929999999999836,-0.7160153190633182
2024-10-18 00:00:00+00:00,2751.9,-11.63000000000011,0.9957916143483153,-0.00420838565168466,-0.42083856516846596,0.8527549758759487,-475.1700000000001,0.8527549758759494,-14.72450241240506,-11.63000000000011,0.9957916143483153,-11.63000000000011,-0.42083856516846596
2024-10-21 00:00:00+00:00,2767.71,15.809999999999945,1.005745121552382,0.005745121552381971,0.5745121552381971,0.8576541568667547,-459.3600000000001,0.8576541568667553,-14.234584313324472,15.809999999999945,1.005745121552382,15.809999999999945,0.5745121552381971
2024-10-22 00:00:00+00:00,2755.19,-12.519999999999982,0.9954764046811263,-0.004523595318873719,-0.45235953188737194,0.8537744765375397,-471.8800000000001,0.8537744765375402,-14.622552346245977,-12.519999999999982,0.9954764046811263,-12.519999999999982,-0.45235953188737194
2024-10-23 00:00:00+00:00,2734.93,-20.26000000000022,0.99264660513431,-0.007353394865689923,-0.7353394865689923,0.8474963356853114,-492.1400000000003,0.847496335685312,-15.250366431468798,-20.26000000000022,0.99264660513431,-20.26000000000022,-0.7353394865689923
2024-10-24 00:00:00+00:00,2718.42,-16.509999999999764,0.9939632824240475,-0.006036717575952498,-0.6036717575952498,0.8423802396601245,-508.6500000000001,0.8423802396601251,-15.76197603398749,-16.509999999999764,0.9939632824240475,-16.509999999999764,-0.6036717575952498
2024-10-25 00:00:00+00:00,2660.36,-58.059999999999945,0.9786420052824802,-0.021357994717519715,-2.1357994717519717,0.8243886869513206,-566.71,0.8243886869513212,-17.56113130486788,-58.059999999999945,0.9786420052824802,-58.059999999999945,-2.1357994717519717
2024-10-28 00:00:00+00:00,2575.06,-85.30000000000018,0.9679366702250822,-0.03206332977491775,-3.206332977491775,0.7979560406188889,-652.0100000000002,0.7979560406188895,-20.204395938111052,-85.30000000000018,0.9679366702250822,-85.30000000000018,-3.206332977491775
2024-10-29 00:00:00+00:00,2599.66,24.59999999999991,1.0095531754599893,0.009553175459989247,0.9553175459989247,0.8055790546842796,-627.4100000000003,0.80557905468428,-19.442094531571996,24.59999999999991,1.0095531754599893,24.59999999999991,0.9553175459989247
2024-10-30 00:00:00+00:00,2615.38,15.720000000000255,1.0060469446004479,0.006046944600447849,0.6046944600447849,0.8104503465992365,-611.69,0.8104503465992371,-18.954965340076292,15.720000000000255,1.0060469446004479,15.720000000000255,0.6046944600447849
2024-10-31 00:00:00+00:00,2560.2,-55.18000000000029,0.9789017274736366,-0.02109827252636339,-2.109827252636339,0.7933512443176002,-666.8700000000003,0.7933512443176007,-20.66487556823993,-55.18000000000029,0.9789017274736366,-55.18000000000029,-2.109827252636339
2024-11-01 00:00:00+00:00,2574.71,14.510000000000218,1.0056675259745333,0.005667525974533325,0.5667525974533325,0.7978475831016986,-652.3600000000001,0.797847583101699,-20.215241689830098,14.510000000000218,1.0056675259745333,14.510000000000218,0.5667525974533325
2024-11-02 00:00:00+00:00,2594.38,19.670000000000073,1.00763969534433,0.007639695344330069,0.7639695344330069,0.8039428955678056,-632.69,0.8039428955678061,-19.605710443219394,19.670000000000073,1.00763969534433,19.670000000000073,0.7639695344330069
2024-11-05 00:00:00+00:00,2616.51,22.13000000000011,1.0085299763334592,0.008529976333459288,0.8529976333459288,0.8108005094404517,-610.56,0.8108005094404522,-18.919949055954778,22.13000000000011,1.0085299763334592,22.13000000000011,0.8529976333459288
2024-11-06 00:00:00+00:00,2662.87,46.35999999999967,1.0177182582906237,0.017718258290623644,1.7718258290623643,0.8251664822888869,-564.2000000000003,0.8251664822888873,-17.483351771111266,46.35999999999967,1.0177182582906237,46.35999999999967,1.7718258290623643
2024-11-07 00:00:00+00:00,2690.63,27.76000000000022,1.0104248423693234,0.010424842369323407,1.0424842369323406,0.8337687127951976,-536.44,0.8337687127951982,-16.623128720480185,27.76000000000022,1.0104248423693234,27.76000000000022,1.0424842369323406
2024-11-08 00:00:00+00:00,2734.56,43.929999999999836,1.0163270312157375,0.016327031215737517,1.6327031215737517,0.8473816805957101,-492.5100000000002,0.8473816805957106,-15.261831940428937,43.929999999999836,1.0163270312157375,43.929999999999836,1.6327031215737517
2024-11-11 00:00:00+00:00,2785.31,50.75,1.018558744368381,0.01855874436838102,1.855874436838102,0.8631080205883349,-441.7600000000002,0.8631080205883355,-13.689197941166453,50.75,1.018558744368381,50.75,1.855874436838102
2024-11-12 00:00:00+00:00,2756.76,-28.549999999999727,0.9897497944573496,-0.01025020554265045,-1.025020554265045,0.8542609859717943,-470.30999999999995,0.8542609859717949,-14.57390140282051,-28.549999999999727,0.9897497944573496,-28.549999999999727,-1.025020554265045
2024-11-13 00:00:00+00:00,2763.99,7.229999999999563,1.0026226439733599,0.0026226439733598728,0.2622643973359873,0.8565014083983298,-463.0800000000004,0.8565014083983302,-14.349859160166979,7.229999999999563,1.0026226439733599,7.229999999999563,0.2622643973359873
2024-11-14 00:00:00+00:00,2697.47,-66.51999999999998,0.9759333427400244,-0.02406665725997561,-2.406665725997561,0.8358882825597208,-529.6000000000004,0.8358882825597213,-16.411171744027875,-66.51999999999998,0.9759333427400244,-66.51999999999998,-2.406665725997561
2024-11-15 00:00:00+00:00,2739.21,41.74000000000024,1.015473758744305,0.015473758744304938,1.5473758744304937,0.8488226161812414,-487.8600000000001,0.8488226161812418,-15.117738381875823,41.74000000000024,1.015473758744305,41.74000000000024,1.5473758744304937
2024-11-18 00:00:00+00:00,2720.77,-18.440000000000055,0.9932681320526721,-0.006731867947327899,-0.6731867947327899,0.8431084544184039,-506.3000000000002,0.8431084544184042,-15.68915455815958,-18.440000000000055,0.9932681320526721,-18.440000000000055,-0.6731867947327899
2024-11-19 00:00:00+00:00,2630.51,-90.25999999999976,0.9668255677620674,-0.03317443223793256,-3.317443223793256,0.8151388101280724,-596.56,0.8151388101280729,-18.48611898719271,-90.25999999999976,0.9668255677620674,-90.25999999999976,-3.317443223793256
2024-11-20 00:00:00+00:00,2596.89,-33.620000000000346,0.9872192084424692,-0.012780791557530799,-1.27807915575308,0.8047206909053719,-630.1800000000003,0.8047206909053722,-19.527930909462775,-33.620000000000346,0.9872192084424692,-33.620000000000346,-1.27807915575308
2024-11-21 00:00:00+00:00,2568.6,-28.289999999999964,0.9891062001085914,-0.010893799891408555,-1.0893799891408555,0.7959542247301727,-658.4700000000003,0.7959542247301731,-20.404577526982692,-28.289999999999964,0.9891062001085914,-28.289999999999964,-1.0893799891408555
2024-11-22 00:00:00+00:00,2581.05,12.450000000000273,1.0048469983648682,0.004846998364868128,0.4846998364868128,0.7998122135559499,-646.02,0.7998122135559501,-20.01877864440499,12.450000000000273,1.0048469983648682,12.450000000000273,0.4846998364868128
2024-11-25 00:00:00+00:00,2530.69,-50.36000000000013,0.9804885608570155,-0.01951143914298449,-1.951143914298449,0.7842067262253373,-696.3800000000001,0.7842067262253375,-21.57932737746625,-50.36000000000013,0.9804885608570155,-50.36000000000013,-1.951143914298449
2024-11-26 00:00:00+00:00,2464.35,-66.34000000000015,0.9737858054522679,-0.0262141945477321,-2.6214194547732097,0.7636493785384262,-762.7200000000003,0.7636493785384264,-23.63506214615736,-66.34000000000015,0.9737858054522679,-66.34000000000015,-2.6214194547732097
2024-11-27 00:00:00+00:00,2491.88,27.5300000000002,1.0111713027776088,0.011171302777608782,1.1171302777608783,0.7721803369620117,-735.19,0.7721803369620119,-22.781966303798807,27.5300000000002,1.0111713027776088,27.5300000000002,1.1171302777608783
2024-11-28 00:00:00+00:00,2547.88,56.0,1.022472992278922,0.02247299227892194,2.247299227892194,0.7895335397124944,-679.19,0.7895335397124946,-21.046646028750537,56.0,1.022472992278922,56.0,2.247299227892194
2024-11-29 00:00:00+00:00,2578.0,30.11999999999989,1.0118215928536665,0.011821592853666534,1.1821592853666534,0.7988670837632896,-649.0700000000002,0.7988670837632899,-20.113291623671014,30.11999999999989,1.0118215928536665,30.11999999999989,1.1821592853666534
2024-12-02 00:00:00+00:00,2586.74,8.739999999999782,1.003390224980605,0.0033902249806050354,0.33902249806050355,0.801575422906847,-640.3300000000004,0.8015754229068472,-19.842457709315276,8.739999999999782,1.003390224980605,8.739999999999782,0.33902249806050355
2024-12-03 00:00:00+00:00,2539.64,-47.09999999999991,0.981791753326581,-0.01820824667341902,-1.820824667341902,0.786980139879209,-687.4300000000003,0.7869801398792092,-21.301986012079077,-47.09999999999991,0.981791753326581,-47.09999999999991,-1.820824667341902
2024-12-04 00:00:00+00:00,2485.62,-54.01999999999998,0.978729268715251,-0.021270731284749014,-2.127073128474901,0.7702404967974041,-741.4500000000003,0.7702404967974044,-22.975950320259564,-54.01999999999998,0.978729268715251,-54.01999999999998,-2.127073128474901
2024-12-05 00:00:00+00:00,2510.83,25.210000000000036,1.0101423387323887,0.010142338732388715,1.0142338732388714,0.7780525368213268,-716.2400000000002,0.778052536821327,-22.1947463178673,25.210000000000036,1.0101423387323887,25.210000000000036,1.0142338732388714
2024-12-06 00:00:00+00:00,2536.23,25.40000000000009,1.0101161767224385,0.010116176722438433,1.0116176722438432,0.7859234537831529,-690.8400000000001,0.7859234537831531,-21.407654621684692,25.40000000000009,1.0101161767224385,25.40000000000009,1.0116176722438432
2024-12-09 00:00:00+00:00,2572.89,36.659999999999854,1.0144545250233614,0.014454525023361389,1.4454525023361389,0.7972836040123081,-654.1800000000003,0.7972836040123082,-20.271639598769177,36.659999999999854,1.0144545250233614,36.659999999999854,1.4454525023361389
2024-12-10 00:00:00+00:00,2522.75,-50.13999999999987,0.9805121866850118,-0.019487813314988157,-1.9487813314988156,0.7817462899782153,-704.3200000000002,0.7817462899782155,-21.82537100217845,-50.13999999999987,0.9805121866850118,-50.13999999999987,-1.9487813314988156
2024-12-11 00:00:00+00:00,2512.54,-10.210000000000036,0.9959528292537905,-0.004047170746209508,-0.40471707462095086,0.7785824292624576,-714.5300000000002,0.7785824292624578,-22.14175707375422,-10.210000000000036,0.9959528292537905,-10.210000000000036,-0.40471707462095086
2024-12-12 00:00:00+00:00,2492.63,-19.909999999999854,0.9920757480477923,-0.007924251952207669,-0.7924251952207669,0.7724127459274199,-734.44,0.7724127459274203,-22.758725407257973,-19.909999999999854,0.9920757480477923,-19.909999999999854,-0.7924251952207669
2024-12-13 00:00:00+00:00,2485.2,-7.430000000000291,0.9970192126388593,-0.002980787361140759,-0.2980787361140759,0.7701103477767755,-741.8700000000003,0.7701103477767758,-22.98896522232242,-7.430000000000291,0.9970192126388593,-7.430000000000291,-0.2980787361140759
2024-12-16 00:00:00+00:00,2420.3,-64.89999999999964,0.9738854015773379,-0.026114598422662016,-2.6114598422662016,0.7499992253034483,-806.77,0.7499992253034486,-25.000077469655135,-64.89999999999964,0.9738854015773379,-64.89999999999964,-2.6114598422662016
2024-12-17 00:00:00+00:00,2377.15,-43.15000000000009,0.9821716316159154,-0.017828368384084654,-1.7828368384084654,0.7366279628269603,-849.9200000000001,0.7366279628269606,-26.337203717303936,-43.15000000000009,0.9821716316159154,-43.15000000000009,-1.7828368384084654
2024-12-18 00:00:00+00:00,2409.35,32.19999999999982,1.0135456323749026,0.013545632374902642,1.3545632374902643,0.7466060544084877,-817.7200000000003,0.7466060544084882,-25.339394559151184,32.19999999999982,1.0135456323749026,32.19999999999982,1.3545632374902643
2024-12-19 00:00:00+00:00,2416.45,7.099999999999909,1.0029468528856331,0.002946852885633017,0.2946852885633017,0.7488061926143526,-810.6200000000003,0.7488061926143529,-25.11938073856471,7.099999999999909,1.0029468528856331,7.099999999999909,0.2946852885633017
2024-12-20 00:00:00+00:00,2638.42,221.97000000000025,1.0918578907074428,0.09185789070744285,9.185789070744285,0.8175899500165781,-588.6500000000001,0.8175899500165785,-18.24100499834215,221.97000000000025,1.0918578907074428,221.97000000000025,9.185789070744285
2024-12-23 00:00:00+00:00,2702.48,64.05999999999995,1.024279682537276,0.024279682537276075,2.4279682537276073,0.837440774448648,-524.5900000000001,0.8374407744486484,-16.25592255513516,64.05999999999995,1.024279682537276,64.05999999999995,2.4279682537276073
2024-12-24 00:00:00+00:00,2690.96,-11.519999999999982,0.9957372487492969,-0.004262751250703052,-0.4262751250703052,0.8338709727399772,-536.1100000000001,0.8338709727399777,-16.612902726002233,-11.519999999999982,0.9957372487492969,-11.519999999999982,-0.4262751250703052
2024-12-25 00:00:00+00:00,2732.83,41.86999999999989,1.0155595029283229,0.015559502928322937,1.5559502928322937,0.8468455905821684,-494.24000000000024,0.8468455905821689,-15.315440941783109,41.86999999999989,1.0155595029283229,41.86999999999989,1.5559502928322937
2024-12-26 00:00:00+00:00,2766.57,33.74000000000024,1.0123461759421553,0.012346175942155289,1.2346175942155289,0.8573008952393342,-460.5,0.8573008952393347,-14.269910476066528,33.74000000000024,1.0123461759421553,33.74000000000024,1.2346175942155289
2024-12-27 00:00:00+00:00,2757.45,-9.120000000000346,0.9967034992788903,-0.0032965007211096576,-0.32965007211096575,0.8544748022199697,-469.62000000000035,0.8544748022199703,-14.55251977800297,-9.120000000000346,0.9967034992788903,-9.120000000000346,-0.32965007211096575
2024-12-28 00:00:00+00:00,2786.67,29.220000000000255,1.0105967469945059,0.010596746994505886,1.0596746994505886,0.8635294555122752,-440.4000000000001,0.8635294555122758,-13.647054448772423,29.220000000000255,1.0105967469945059,29.220000000000255,1.0596746994505886
2024-12-30 00:00:00+00:00,2883.04,96.36999999999989,1.0345824945185471,0.03458249451854719,3.458249451854719,0.8933924581741325,-344.0300000000002,0.8933924581741332,-10.660754182586684,96.36999999999989,1.0345824945185471,96.36999999999989,3.458249451854719
2025-01-03 00:00:00+00:00,2828.5,-54.539999999999964,0.9810824685054664,-0.018917531494533537,-1.8917531494533537,0.8764916782096446,-398.57000000000016,0.8764916782096452,-12.350832179035475,-54.539999999999964,0.9810824685054664,-54.539999999999964,-1.8917531494533537
2025-01-06 00:00:00+00:00,2816.26,-12.239999999999782,0.995672617995404,-0.004327382004595998,-0.4327382004595998,0.872698763894182,-410.80999999999995,0.8726987638941827,-12.730123610581733,-12.239999999999782,0.995672617995404,-12.239999999999782,-0.4327382004595998
2025-01-08 00:00:00+00:00,2840.79,24.529999999999745,1.0087101332973518,0.008710133297351716,0.8710133297351716,0.8803000864561344,-386.2800000000002,0.8803000864561351,-11.969991354386488,24.529999999999745,1.0087101332973518,24.529999999999745,0.8710133297351716
2025-01-09 00:00:00+00:00,2773.12,-67.67000000000007,0.9761791614304471,-0.02382083856955286,-2.382083856955286,0.8593306002038994,-453.9500000000003,0.8593306002039001,-14.066939979609995,-67.67000000000007,0.9761791614304471,-67.67000000000007,-2.382083856955286
2025-01-10 00:00:00+00:00,2824.59,51.470000000000255,1.0185603219478423,0.018560321947842233,1.8560321947842233,0.8752800528033163,-402.48,0.8752800528033169,-12.471994719668311,51.470000000000255,1.0185603219478423,51.470000000000255,1.8560321947842233
2025-01-13 00:00:00+00:00,2866.11,41.51999999999998,1.0146994785083854,0.01469947850838528,1.469947850838528,0.8881462131283171,-360.96000000000004,0.8881462131283177,-11.185378687168235,41.51999999999998,1.0146994785083854,41.51999999999998,1.469947850838528
2025-01-14 00:00:00+00:00,2859.51,-6.599999999999909,0.9976972272522688,-0.0023027727477312136,-0.23027727477312135,0.8861010142327246,-367.55999999999995,0.886101014232725,-11.389898576727497,-6.599999999999909,0.9976972272522688,-6.599999999999909,-0.23027727477312135
2025-01-15 00:00:00+00:00,2842.96,-16.550000000000182,0.9942122951134984,-0.005787704886501596,-0.5787704886501597,0.8809725230627158,-384.1100000000001,0.8809725230627163,-11.902747693728365,-16.550000000000182,0.9942122951134984,-16.550000000000182,-0.5787704886501597
2025-01-16 00:00:00+00:00,2911.29,68.32999999999993,1.0240348087908377,0.02403480879083769,2.4034808790837694,0.9021465292045101,-315.7800000000002,0.9021465292045105,-9.785347079548945,68.32999999999993,1.0240348087908377,68.32999999999993,2.4034808790837694
2025-01-17 00:00:00+00:00,2945.52,34.23000000000002,1.0117576744329833,0.011757674432983324,1.1757674432983323,0.9127536743857425,-281.5500000000002,0.9127536743857431,-8.724632561425693,34.23000000000002,1.0117576744329833,34.23000000000002,1.1757674432983323
2025-01-20 00:00:00+00:00,2929.55,-15.9699999999998,0.9945782069040442,-0.005421793095955824,-0.5421793095955825,0.9078049128156496,-297.52,0.9078049128156501,-9.219508718434987,-15.9699999999998,0.9945782069040442,-15.9699999999998,-0.5421793095955825
2025-01-21 00:00:00+00:00,2934.71,5.1599999999998545,1.001761362666621,0.0017613626666211036,0.17613626666211035,0.9094038864976582,-292.3600000000001,0.9094038864976588,-9.059611350234121,5.1599999999998545,1.001761362666621,5.1599999999998545,0.17613626666211035
2025-01-22 00:00:00+00:00,2972.62,37.909999999999854,1.0129178010774489,0.01291780107744883,1.291780107744883,0.9211513850024939,-254.45000000000027,0.9211513850024945,-7.884861499750551,37.909999999999854,1.0129178010774489,37.909999999999854,1.291780107744883
2025-01-23 00:00:00+00:00,2926.1,-46.51999999999998,0.9843505056145757,-0.0156494943854243,-1.56494943854243,0.9067358315747716,-300.97000000000025,0.9067358315747721,-9.32641684252279,-46.51999999999998,0.9843505056145757,-46.51999999999998,-1.56494943854243
2025-01-24 00:00:00+00:00,2947.94,21.840000000000146,1.0074638597450531,0.0074638597450531925,0.7463859745053193,0.9135035806474597,-279.1300000000001,0.9135035806474604,-8.64964193525396,21.840000000000146,1.0074638597450531,21.840000000000146,0.7463859745053193
2025-01-27 00:00:00+00:00,2891.39,-56.55000000000018,0.980817112967021,-0.01918288703297902,-1.9182887032979021,0.8959799446556777,-335.6800000000003,0.8959799446556783,-10.402005534432169,-56.55000000000018,0.980817112967021,-56.55000000000018,-1.9182887032979021
2025-01-28 00:00:00+00:00,2931.97,40.57999999999993,1.0140347722029888,0.014034772202988849,1.403477220298885,0.9085548190773666,-295.10000000000036,0.9085548190773672,-9.144518092263276,40.57999999999993,1.0140347722029888,40.57999999999993,1.403477220298885
2025-01-29 00:00:00+00:00,2950.68,18.710000000000036,1.0063813749799624,0.0063813749799622906,0.6381374979962291,0.9143526480677512,-276.3900000000003,0.9143526480677517,-8.564735193224827,18.710000000000036,1.0063813749799624,18.710000000000036,0.6381374979962291
2025-01-30 00:00:00+00:00,2967.47,16.789999999999964,1.00569021378123,0.0056902137812300775,0.5690213781230078,0.9195555101066905,-259.60000000000036,0.9195555101066911,-8.044448989330888,16.789999999999964,1.00569021378123,16.789999999999964,0.5690213781230078
2025-01-31 00:00:00+00:00,2948.1,-19.36999999999989,0.9934725540612037,-0.006527445938796312,-0.6527445938796312,0.9135531612267468,-278.97000000000025,0.9135531612267475,-8.644683877325255,-19.36999999999989,0.9934725540612037,-19.36999999999989,-0.6527445938796312
2025-02-03 00:00:00+00:00,2926.17,-21.929999999999836,0.9925613106746719,-0.007438689325328122,-0.7438689325328122,0.9067575230782097,-300.9000000000001,0.9067575230782102,-9.324247692178977,-21.929999999999836,0.9925613106746719,-21.929999999999836,-0.7438689325328122
2025-02-04 00:00:00+00:00,2917.71,-8.460000000000036,0.9971088487681851,-0.002891151231814979,-0.2891151231814979,0.9041359499484046,-309.3600000000001,0.9041359499484052,-9.586405005159481,-8.460000000000036,0.9971088487681851,-8.460000000000036,-0.2891151231814979
2025-02-05 00:00:00+00:00,2930.56,12.849999999999909,1.0044041388623268,0.0044041388623269305,0.44041388623269306,0.9081178902223992,-296.5100000000002,0.9081178902223999,-9.188210977760015,12.849999999999909,1.0044041388623268,12.849999999999909,0.44041388623269306
2025-02-06 00:00:00+00:00,2970.12,39.559999999999945,1.0134991264468225,0.013499126446822432,1.3499126446822431,0.9203766884511331,-256.9500000000003,0.9203766884511336,-7.962331154886638,39.559999999999945,1.0134991264468225,39.559999999999945,1.3499126446822431
2025-02-07 00:00:00+00:00,2966.53,-3.5899999999996908,0.9987912946278266,-0.0012087053721734108,-0.12087053721734108,0.9192642242033789,-260.53999999999996,0.9192642242033795,-8.07357757966205,-3.5899999999996908,0.9987912946278266,-3.5899999999996908,-0.12087053721734108
2025-02-10 00:00:00+00:00,3012.39,45.85999999999967,1.0154591391288812,0.015459139128881107,1.5459139128881108,0.933475257741542,-214.6800000000003,0.9334752577415425,-6.652474225845751,45.85999999999967,1.0154591391288812,45.85999999999967,1.5459139128881108
2025-02-11 00:00:00+00:00,3018.02,5.630000000000109,1.001868947911791,0.0018689479117910063,0.18689479117910063,0.9352198743752067,-209.05000000000018,0.9352198743752071,-6.478012562479285,5.630000000000109,1.001868947911791,5.630000000000109,0.18689479117910063
2025-02-12 00:00:00+00:00,3025.63,7.610000000000127,1.0025215207321356,0.002521520732135681,0.2521520732135681,0.9375780506775491,-201.44000000000005,0.9375780506775496,-6.242194932245038,7.610000000000127,1.0025215207321356,7.610000000000127,0.2521520732135681
2025-02-13 00:00:00+00:00,3206.97,181.3399999999997,1.0599346251854984,0.059934625185498455,5.993462518549846,0.9937714397270582,-20.100000000000364,0.9937714397270588,-0.6228560272941164,181.3399999999997,1.0599346251854984,181.3399999999997,5.993462518549846
2025-02-14 00:00:00+00:00,3185.0,-21.9699999999998,0.9931492966881512,-0.006850703311848817,-0.6850703311848817,0.9869634064336993,-42.070000000000164,0.9869634064336998,-1.3036593566300159,-21.9699999999998,0.9931492966881512,-21.9699999999998,-0.6850703311848817
2025-02-17 00:00:00+00:00,3308.41,123.40999999999985,1.0387472527472528,0.0387472527472527,3.87472527472527,1.0252055269950755,81.33999999999969,1.025205526995076,2.5205526995075944,123.40999999999985,1.0387472527472528,123.40999999999985,3.87472527472527
2025-02-18 00:00:00+00:00,3258.76,-49.649999999999636,0.9849927910990477,-0.015007208900952312,-1.5007208900952311,1.0098200534850494,31.690000000000055,1.0098200534850499,0.9820053485049884,-49.649999999999636,0.9849927910990477,-49.649999999999636,-1.5007208900952311
2025-02-19 00:00:00+00:00,3270.64,11.879999999999654,1.003645558433269,0.00364555843326899,0.364555843326899,1.0135014114971161,43.56999999999971,1.0135014114971166,1.3501411497116589,11.879999999999654,1.003645558433269,11.879999999999654,0.364555843326899
2025-02-20 00:00:00+00:00,3292.62,21.980000000000018,1.006720397231123,0.006720397231122967,0.6720397231122966,1.0203125435766807,65.54999999999973,1.0203125435766809,2.0312543576680886,21.980000000000018,1.006720397231123,21.980000000000018,0.6720397231122966
2025-02-21 00:00:00+00:00,3283.29,-9.329999999999927,0.9971663902910145,-0.0028336097089855274,-0.2833609708985527,1.0174213760470021,56.2199999999998,1.0174213760470023,1.7421376047002335,-9.329999999999927,0.9971663902910145,-9.329999999999927,-0.2833609708985527
2025-02-24 00:00:00+00:00,3303.63,20.340000000000146,1.0061950056193636,0.006195005619363548,0.6195005619363548,1.023724307188874,76.55999999999995,1.0237243071888742,2.3724307188874194,20.340000000000146,1.0061950056193636,20.340000000000146,0.6195005619363548
2025-02-25 00:00:00+00:00,3326.14,22.509999999999764,1.0068137170324762,0.006813717032476325,0.6813717032476325,1.0306996749373267,99.06999999999971,1.030699674937327,3.069967493732695,22.509999999999764,1.0068137170324762,22.509999999999764,0.6813717032476325
2025-02-26 00:00:00+00:00,3276.0,-50.13999999999987,0.9849254691624526,-0.01507453083754739,-1.507453083754739,1.0151623609032339,48.929999999999836,1.015162360903234,1.5162360903234084,-50.13999999999987,0.9849254691624526,-50.13999999999987,-1.507453083754739
2025-02-27 00:00:00+00:00,3232.65,-43.34999999999991,0.9867673992673993,-0.013232600732600705,-1.3232600732600706,1.001729122702637,5.579999999999927,1.0017291227026373,0.17291227026372535,-43.34999999999991,0.9867673992673993,-43.34999999999991,-1.3232600732600706
2025-02-28 00:00:00+00:00,3200.48,-32.17000000000007,0.9900484122933197,-0.0099515877066803,-0.99515877066803,0.9917603274797259,-26.590000000000146,0.9917603274797262,-0.82396725202738,-32.17000000000007,0.9900484122933197,-32.17000000000007,-0.99515877066803
2025-03-03 00:00:00+00:00,3145.73,-54.75,0.9828931910213468,-0.0171068089786532,-1.71068089786532,0.9747944730049236,-81.34000000000015,0.974794473004924,-2.5205526995076055,-54.75,0.9828931910213468,-54.75,-1.71068089786532
2025-03-04 00:00:00+00:00,3241.63,95.90000000000009,1.0304857695987895,0.0304857695987895,3.04857695987895,1.004511832715125,14.559999999999945,1.0045118327151255,0.4511832715125452,95.90000000000009,1.0304857695987895,95.90000000000009,3.04857695987895
2025-03-05 00:00:00+00:00,3263.62,21.98999999999978,1.006783624287781,0.00678362428778108,0.6783624287781079,1.0113260635808947,36.54999999999973,1.0113260635808954,1.1326063580895385,21.98999999999978,1.006783624287781,21.98999999999978,0.6783624287781079
2025-03-06 00:00:00+00:00,3207.7,-55.92000000000007,0.9828656522511812,-0.01713434774881882,-1.7134347748818821,0.9939976511200556,-19.370000000000346,0.9939976511200561,-0.6002348879943886,-55.92000000000007,0.9828656522511812,-55.92000000000007,-1.7134347748818821
2025-03-07 00:00:00+00:00,3166.88,-40.81999999999971,0.9872743710446739,-0.012725628955326156,-1.2725628955326156,0.981348405829436,-60.190000000000055,0.9813484058294366,-1.865159417056339,-40.81999999999971,0.9872743710446739,-40.81999999999971,-1.2725628955326156
2025-03-10 00:00:00+00:00,3200.81,33.929999999999836,1.0107140150558278,0.010714015055827766,1.0714015055827766,0.9918625874245053,-26.26000000000022,0.9918625874245057,-0.8137412575494274,33.929999999999836,1.0107140150558278,33.929999999999836,1.0714015055827766
2025-03-11 00:00:00+00:00,3200.95,0.13999999999987267,1.0000437389285837,4.373892858366247e-05,0.004373892858366247,0.9919059704313815,-26.120000000000346,0.991905970431382,-0.8094029568618044,0.13999999999987267,1.0000437389285837,0.13999999999987267,0.004373892858366247
2025-03-12 00:00:00+00:00,3183.97,-16.980000000000018,0.9946953248254424,-0.005304675174557559,-0.5304675174557559,0.9866442314545387,-43.100000000000364,0.9866442314545392,-1.3355768545460833,-16.980000000000018,0.9946953248254424,-16.980000000000018,-0.5304675174557559
2025-03-13 00:00:00+00:00,3121.57,-62.399999999999636,0.9804018253940836,-0.0195981746059164,-1.95981746059164,0.9673078055325725,-105.5,0.9673078055325729,-3.2692194467427105,-62.399999999999636,0.9804018253940836,-62.399999999999636,-1.95981746059164
2025-03-14 00:00:00+00:00,3195.08,73.50999999999976,1.023549047434464,0.02354904743446399,2.354904743446399,0.9900869829287863,-31.990000000000236,0.9900869829287867,-0.9913017071213281,73.50999999999976,1.023549047434464,73.50999999999976,2.354904743446399
2025-03-17 00:00:00+00:00,3245.19,50.11000000000013,1.0156834883633588,0.015683488363358703,1.5683488363358704,1.0056150006042628,18.11999999999989,1.0056150006042632,0.5615000604263232,50.11000000000013,1.0156834883633588,50.11000000000013,1.5683488363358704
2025-03-18 00:00:00+00:00,3257.49,12.299999999999727,1.0037902249174933,0.0037902249174931904,0.379022491749319,1.009426507636958,30.419999999999618,1.0094265076369584,0.9426507636958403,12.299999999999727,1.0037902249174933,12.299999999999727,0.379022491749319
2025-03-19 00:00:00+00:00,3229.79,-27.699999999999818,0.9914965203270003,-0.008503479672999708,-0.8503479672999708,1.00084286984788,2.7199999999998,1.0008428698478806,0.08428698478806229,-27.699999999999818,0.9914965203270003,-27.699999999999818,-0.8503479672999708
2025-03-20 00:00:00+00:00,3223.14,-6.650000000000091,0.9979410426064852,-0.002058957393514777,-0.2058957393514777,0.99878217702126,-3.930000000000291,0.9987821770212607,-0.12178229787392914,-6.650000000000091,0.9979410426064852,-6.650000000000091,-0.2058957393514777
2025-03-21 00:00:00+00:00,3191.61,-31.529999999999745,0.990217613879633,-0.009782386120367017,-0.9782386120367017,0.9890117041154973,-35.460000000000036,0.989011704115498,-1.0988295884502008,-31.529999999999745,0.990217613879633,-31.529999999999745,-0.9782386120367017
2025-03-24 00:00:00+00:00,3178.66,-12.950000000000273,0.9959424867073358,-0.004057513292664289,-0.40575132926642893,0.9849987759794482,-48.41000000000031,0.9849987759794487,-1.5001224020551263,-12.950000000000273,0.9959424867073358,-12.950000000000273,-0.40575132926642893
2025-03-25 00:00:00+00:00,3164.62,-14.039999999999964,0.9955830444275261,-0.004416955572473924,-0.44169555724739246,0.9806480801470058,-62.45000000000027,0.9806480801470063,-1.935191985299367,-14.039999999999964,0.9955830444275261,-14.039999999999964,-0.44169555724739246
2025-03-26 00:00:00+00:00,3146.31,-18.309999999999945,0.9942141552540273,-0.005785844745972643,-0.5785844745972644,0.974974202604839,-80.76000000000022,0.9749742026048396,-2.502579739516042,-18.309999999999945,0.9942141552540273,-18.309999999999945,-0.5785844745972644
2025-03-27 00:00:00+00:00,3083.99,-62.320000000000164,0.9801926701437557,-0.01980732985624435,-1.9807329856244351,0.9556625669725162,-143.08000000000038,0.9556625669725167,-4.4337433027483275,-62.320000000000164,0.9801926701437557,-62.320000000000164,-1.9807329856244351
2025-03-28 00:00:00+00:00,3025.65,-58.33999999999969,0.9810829477397788,-0.018917052260221237,-1.8917052260221237,0.9375842482499599,-201.42000000000007,0.9375842482499605,-6.241575175003955,-58.33999999999969,0.9810829477397788,-58.33999999999969,-1.8917052260221237
2025-03-31 00:00:00+00:00,3013.36,-12.289999999999964,0.9959380628955762,-0.0040619371044238305,-0.40619371044238306,0.93377584000347,-213.71000000000004,0.9337758400034706,-6.622415999652942,-12.289999999999964,0.9959380628955762,-12.289999999999964,-0.40619371044238306
2025-04-01 00:00:00+00:00,2964.43,-48.93000000000029,0.9837623118379483,-0.016237688162051758,-1.6237688162051758,0.9186134791002357,-262.6400000000003,0.9186134791002364,-8.138652089976361,-48.93000000000029,0.9837623118379483,-48.93000000000029,-1.6237688162051758
