Date,Close,ChainIncrement,ChainGrowthCoef,RelativeGrowth,RelativeGrowthPct,ChainIndex,BaseAbsolute,BaseRelativeCoef,BaseRelativePct,ChainAbsoluteIndex,ChainRelativeIndex,StructuralShiftAbsolute,StructuralShiftRelativePct
2023-10-31 00:00:00+00:00,1079.88,-14.489999999999782,0.9867595054689001,-0.013240494531099887,-1.3240494531099887,0.9867595054689001,-14.489999999999782,0.9867595054689001,-1.3240494531099878,-14.489999999999782,0.9867595054689001,-14.489999999999782,-1.3240494531099887
2023-11-01 00:00:00+00:00,1088.42,8.539999999999964,1.0079082861058635,0.00790828610586358,0.790828610586358,0.9945630819558285,-5.949999999999818,0.9945630819558287,-0.5436918044171346,8.539999999999964,1.0079082861058635,8.539999999999964,0.790828610586358
2023-11-02 00:00:00+00:00,1079.82,-8.600000000000136,0.9920986383932672,-0.00790136160673282,-0.790136160673282,0.9867046794045888,-14.549999999999955,0.986704679404589,-1.3295320595411053,-8.600000000000136,0.9920986383932672,-8.600000000000136,-0.790136160673282
2023-11-03 00:00:00+00:00,1093.74,13.920000000000073,1.0128910373951214,0.012891037395121476,1.2891037395121476,0.9994243263247347,-0.6299999999998818,0.9994243263247349,-0.05756736752651204,13.920000000000073,1.0128910373951214,13.920000000000073,1.2891037395121476
2023-11-06 00:00:00+00:00,1103.78,10.039999999999964,1.0091795124984,0.009179512498399952,0.9179512498399952,1.0085985544194376,9.410000000000082,1.0085985544194378,0.8598554419437798,10.039999999999964,1.0091795124984,10.039999999999964,0.9179512498399952
2023-11-07 00:00:00+00:00,1107.2,3.4200000000000728,1.0030984435304138,0.0030984435304137353,0.30984435304137353,1.0117236400851632,12.830000000000155,1.0117236400851632,1.1723640085163245,3.4200000000000728,1.0030984435304138,3.4200000000000728,0.30984435304137353
2023-11-08 00:00:00+00:00,1113.03,5.829999999999927,1.005265534682081,0.005265534682080859,0.5265534682080859,1.017050906000713,18.660000000000082,1.017050906000713,1.7050906000712907,5.829999999999927,1.005265534682081,5.829999999999927,0.5265534682080859
2023-11-09 00:00:00+00:00,1108.87,-4.160000000000082,0.9962624547406628,-0.0037375452593371985,-0.37375452593371983,1.0132496322084854,14.5,1.0132496322084852,1.3249632208485185,-4.160000000000082,0.9962624547406628,-4.160000000000082,-0.37375452593371983
2023-11-10 00:00:00+00:00,1107.44,-1.4299999999998363,0.9987103988745301,-0.0012896011254699257,-0.12896011254699258,1.0119429443424073,13.070000000000164,1.0119429443424073,1.194294434240728,-1.4299999999998363,0.9987103988745301,-1.4299999999998363,-0.12896011254699258
2023-11-13 00:00:00+00:00,1117.43,9.990000000000009,1.0090208047388571,0.009020804738857193,0.9020804738857193,1.0210714840501842,23.060000000000173,1.0210714840501842,2.107148405018422,9.990000000000009,1.0090208047388571,9.990000000000009,0.9020804738857193
2023-11-14 00:00:00+00:00,1116.97,-0.4600000000000364,0.9995883411041407,-0.000411658895859281,-0.0411658895859281,1.0206511508904668,22.600000000000136,1.0206511508904668,2.0651150890466763,-0.4600000000000364,0.9995883411041407,-0.4600000000000364,-0.0411658895859281
2023-11-15 00:00:00+00:00,1134.24,17.269999999999982,1.015461471659937,0.015461471659937135,1.5461471659937136,1.0364319197346419,39.87000000000012,1.0364319197346419,3.643191973464188,17.269999999999982,1.015461471659937,17.269999999999982,1.5461471659937136
2023-11-16 00:00:00+00:00,1129.22,-5.019999999999982,0.9955741289321484,-0.004425871067851585,-0.4425871067851585,1.0318448056872904,34.850000000000136,1.0318448056872904,3.1844805687290423,-5.019999999999982,0.9955741289321484,-5.019999999999982,-0.4425871067851585
2023-11-17 00:00:00+00:00,1122.1,-7.120000000000118,0.993694762756593,-0.006305237243407058,-0.6305237243407058,1.025338779389055,27.730000000000018,1.025338779389055,2.5338779389054933,-7.120000000000118,0.993694762756593,-7.120000000000118,-0.6305237243407058
2023-11-20 00:00:00+00:00,1142.51,20.410000000000082,1.0181891097050175,0.018189109705017453,1.8189109705017452,1.0439887789321711,48.1400000000001,1.0439887789321711,4.398877893217112,20.410000000000082,1.0181891097050175,20.410000000000082,1.8189109705017452
2023-11-21 00:00:00+00:00,1154.39,11.88000000000011,1.0103981584406265,0.010398158440626436,1.0398158440626435,1.054844339665744,60.02000000000021,1.0548443396657439,5.484433966574387,11.88000000000011,1.0103981584406265,11.88000000000011,1.0398158440626435
2023-11-22 00:00:00+00:00,1151.94,-2.4500000000000455,0.9978776669929573,-0.00212233300704272,-0.212233300704272,1.0526056087063793,57.570000000000164,1.052605608706379,5.260560870637909,-2.4500000000000455,0.9978776669929573,-2.4500000000000455,-0.212233300704272
2023-11-23 00:00:00+00:00,1148.97,-2.9700000000000273,0.9974217407156623,-0.0025782592843377494,-0.25782592843377494,1.0498917185229861,54.600000000000136,1.049891718522986,4.989171852298591,-2.9700000000000273,0.9974217407156623,-2.9700000000000273,-0.25782592843377494
2023-11-24 00:00:00+00:00,1143.15,-5.819999999999936,0.994934593592522,-0.005065406407477946,-0.5065406407477946,1.0445735902848217,48.7800000000002,1.0445735902848217,4.457359028482166,-5.819999999999936,0.994934593592522,-5.819999999999936,-0.5065406407477946
2023-11-27 00:00:00+00:00,1132.05,-11.100000000000136,0.990289988190526,-0.00971001180947394,-0.9710011809473941,1.0344307683872915,37.680000000000064,1.0344307683872913,3.443076838729131,-11.100000000000136,0.990289988190526,-11.100000000000136,-0.9710011809473941
2023-11-28 00:00:00+00:00,1128.61,-3.4400000000000546,0.9969612649617949,-0.0030387350382050744,-0.30387350382050743,1.0312874073667957,34.24000000000001,1.0312874073667955,3.128740736679547,-3.4400000000000546,0.9969612649617949,-3.4400000000000546,-0.30387350382050743
2023-11-29 00:00:00+00:00,1128.01,-0.599999999999909,0.9994683725999238,-0.0005316274000761194,-0.05316274000761194,1.030739146723686,33.6400000000001,1.030739146723686,3.073914672368594,-0.599999999999909,0.9994683725999238,-0.599999999999909,-0.05316274000761194
2023-11-30 00:00:00+00:00,1115.01,-13.0,0.9884752794744728,-0.011524720525527256,-1.1524720525527257,1.018860166122975,20.6400000000001,1.018860166122975,1.886016612297503,-13.0,0.9884752794744728,-13.0,-1.1524720525527257
2023-12-01 00:00:00+00:00,1095.28,-19.730000000000018,0.9823050914341576,-0.017694908565842476,-1.7694908565842475,1.00083152864205,0.9100000000000819,1.00083152864205,0.0831528642049939,-19.730000000000018,0.9823050914341576,-19.730000000000018,-1.7694908565842475
2023-12-04 00:00:00+00:00,1076.99,-18.289999999999964,0.9833010736980499,-0.016698926301950152,-1.6698926301950152,0.9841187167045883,-17.37999999999988,0.9841187167045882,-1.588128329541183,-18.289999999999964,0.9833010736980499,-18.289999999999964,-1.6698926301950152
2023-12-05 00:00:00+00:00,1066.13,-10.8599999999999,0.9899163409131005,-0.010083659086899507,-1.0083659086899506,0.9741951990643022,-28.23999999999978,0.9741951990643021,-2.5804800935697925,-10.8599999999999,0.9899163409131005,-10.8599999999999,-1.0083659086899506
2023-12-06 00:00:00+00:00,1045.28,-20.850000000000136,0.9804432855280312,-0.019556714471968835,-1.9556714471968835,0.9551431417162388,-49.08999999999992,0.9551431417162386,-4.48568582837614,-20.850000000000136,0.9804432855280312,-20.850000000000136,-1.9556714471968835
2023-12-07 00:00:00+00:00,1051.21,5.930000000000064,1.005673121077606,0.005673121077606061,0.5673121077606061,0.96056178440564,-43.159999999999854,0.9605617844056399,-3.9438215594360115,5.930000000000064,1.005673121077606,5.930000000000064,0.5673121077606061
2023-12-08 00:00:00+00:00,1054.28,3.0699999999999363,1.0029204440597026,0.002920444059702568,0.29204440597025677,0.9633670513628848,-40.08999999999992,0.9633670513628847,-3.6632948637115303,3.0699999999999363,1.0029204440597026,3.0699999999999363,0.29204440597025677
2023-12-11 00:00:00+00:00,1047.95,-6.329999999999927,0.9939959024168153,-0.006004097583184664,-0.6004097583184663,0.9575829015780772,-46.419999999999845,0.957582901578077,-4.241709842192298,-6.329999999999927,0.9939959024168153,-6.329999999999927,-0.6004097583184663
2023-12-12 00:00:00+00:00,1056.02,8.069999999999936,1.0077007490815402,0.007700749081540089,0.7700749081540089,0.9649570072279032,-38.34999999999991,0.9649570072279029,-3.5042992772097104,8.069999999999936,1.0077007490815402,8.069999999999936,0.7700749081540089
2023-12-13 00:00:00+00:00,1062.67,6.650000000000091,1.0062972292191437,0.006297229219143663,0.6297229219143663,0.9710335626890362,-31.699999999999818,0.9710335626890358,-2.8966437310964155,6.650000000000091,1.0062972292191437,6.650000000000091,0.6297229219143663
2023-12-14 00:00:00+00:00,1055.45,-7.220000000000027,0.9932057929554801,-0.006794207044519961,-0.6794207044519961,0.9644361596169491,-38.919999999999845,0.9644361596169487,-3.556384038305127,-7.220000000000027,0.9932057929554801,-7.220000000000027,-0.6794207044519961
2023-12-15 00:00:00+00:00,1060.64,5.190000000000055,1.004917333838647,0.004917333838647074,0.4917333838647074,0.9691786141798483,-33.72999999999979,0.969178614179848,-3.0821385820152036,5.190000000000055,1.004917333838647,5.190000000000055,0.4917333838647074
2023-12-18 00:00:00+00:00,1075.5,14.8599999999999,1.0140104088097752,0.014010408809775134,1.4010408809775134,0.9827572027741994,-18.86999999999989,0.982757202774199,-1.724279722580102,14.8599999999999,1.0140104088097752,14.8599999999999,1.4010408809775134
2023-12-19 00:00:00+00:00,1074.4,-1.099999999999909,0.998977219897722,-0.0010227801022779258,-0.10227801022779258,0.9817520582618317,-19.9699999999998,0.9817520582618312,-1.8247941738168794,-1.099999999999909,0.998977219897722,-1.099999999999909,-0.10227801022779258
2023-12-20 00:00:00+00:00,1075.11,0.709999999999809,1.0006608339538345,0.0006608339538345206,0.06608339538345206,0.982400833356178,-19.25999999999999,0.9824008333561776,-1.759916664382244,0.709999999999809,1.0006608339538345,0.709999999999809,0.06608339538345206
2023-12-21 00:00:00+00:00,1051.87,-23.24000000000001,0.9783836072587921,-0.02161639274120789,-2.161639274120789,0.9611648711130609,-42.5,0.9611648711130605,-3.883512888693952,-23.24000000000001,0.9783836072587921,-23.24000000000001,-2.161639274120789
2023-12-22 00:00:00+00:00,1057.58,5.710000000000036,1.0054284274672727,0.0054284274672726065,0.5428427467272606,0.9663824848999887,-36.789999999999964,0.9663824848999881,-3.3617515100011874,5.710000000000036,1.0054284274672727,5.710000000000036,0.5428427467272606
2023-12-25 00:00:00+00:00,1063.67,6.0900000000001455,1.0057584296223454,0.005758429622345493,0.5758429622345492,0.9719473304275525,-30.699999999999818,0.9719473304275521,-2.8052669572447897,6.0900000000001455,1.0057584296223454,6.0900000000001455,0.5758429622345492
2023-12-26 00:00:00+00:00,1063.05,-0.6200000000001182,0.99941711245029,-0.0005828875497100775,-0.05828875497100775,0.9713807944296724,-31.319999999999936,0.971380794429672,-2.8619205570328043,-0.6200000000001182,0.99941711245029,-0.6200000000001182,-0.05828875497100775
2023-12-27 00:00:00+00:00,1068.71,5.660000000000082,1.0053243027138894,0.005324302713889358,0.5324302713889357,0.9765527198296743,-25.659999999999854,0.9765527198296738,-2.3447280170326157,5.660000000000082,1.0053243027138894,5.660000000000082,0.5324302713889357
2023-12-28 00:00:00+00:00,1090.93,22.220000000000027,1.020791421433317,0.020791421433316828,2.0791421433316826,0.9968566389795049,-3.439999999999827,0.9968566389795044,-0.31433610204956164,22.220000000000027,1.020791421433317,22.220000000000027,2.0791421433316826
2023-12-29 00:00:00+00:00,1083.48,-7.4500000000000455,0.9931709642231856,-0.006829035776814319,-0.682903577681432,0.990049069327559,-10.889999999999873,0.9900490693275584,-0.9950930672441571,-7.4500000000000455,0.9931709642231856,-7.4500000000000455,-0.682903577681432
2024-01-03 00:00:00+00:00,1073.14,-10.339999999999918,0.9904566766345481,-0.009543323365451986,-0.9543323365451986,0.9806007109113013,-21.22999999999979,0.9806007109113007,-1.9399289088699256,-10.339999999999918,0.9904566766345481,-10.339999999999918,-0.9543323365451986
2024-01-04 00:00:00+00:00,1082.11,8.9699999999998,1.0083586484522056,0.00835864845220549,0.8358648452205489,0.9887972075257917,-12.259999999999991,0.9887972075257911,-1.1202792474208856,8.9699999999998,1.0083586484522056,8.9699999999998,0.8358648452205489
2024-01-05 00:00:00+00:00,1087.35,5.240000000000009,1.004842391254124,0.004842391254123896,0.4842391254123896,0.9935853504756168,-7.019999999999982,0.9935853504756161,-0.6414649524383864,5.240000000000009,1.004842391254124,5.240000000000009,0.4842391254123896
2024-01-08 00:00:00+00:00,1089.72,2.3700000000001182,1.002179610980825,0.0021796109808250503,0.21796109808250502,0.9957509800159002,-4.649999999999864,0.9957509800158997,-0.4249019984100322,2.3700000000001182,1.002179610980825,2.3700000000001182,0.21796109808250502
2024-01-09 00:00:00+00:00,1106.12,16.399999999999864,1.0150497375472598,0.01504973754725972,1.504973754725972,1.0107367709275663,11.75,1.0107367709275656,1.0736770927565642,16.399999999999864,1.0150497375472598,16.399999999999864,1.504973754725972
2024-01-10 00:00:00+00:00,1115.51,9.3900000000001,1.0084891331862729,0.008489133186272828,0.8489133186272828,1.0193170499922337,21.1400000000001,1.019317049992233,1.9317049992233049,9.3900000000001,1.0084891331862729,9.3900000000001,0.8489133186272828
2024-01-11 00:00:00+00:00,1131.92,16.410000000000082,1.0147107601007612,0.01471076010076116,1.471076010076116,1.034311978581285,37.55000000000018,1.0343119785812844,3.431197858128443,16.410000000000082,1.0147107601007612,16.410000000000082,1.471076010076116
2024-01-12 00:00:00+00:00,1136.06,4.139999999999873,1.003657502296982,0.0036575022969820062,0.36575022969820065,1.0380949770187422,41.690000000000055,1.0380949770187415,3.809497701874154,4.139999999999873,1.003657502296982,4.139999999999873,0.36575022969820065
2024-01-15 00:00:00+00:00,1145.27,9.210000000000036,1.0081069661813638,0.008106966181363693,0.8106966181363693,1.0465107778904768,50.90000000000009,1.0465107778904759,4.651077789047586,9.210000000000036,1.0081069661813638,9.210000000000036,0.8106966181363693
2024-01-16 00:00:00+00:00,1141.33,-3.9400000000000546,0.9965597631999441,-0.0034402368000559297,-0.34402368000559297,1.042910533000723,46.960000000000036,1.042910533000722,4.291053300072201,-3.9400000000000546,0.9965597631999441,-3.9400000000000546,-0.34402368000559297
2024-01-17 00:00:00+00:00,1129.77,-11.559999999999945,0.9898714657461033,-0.010128534253896723,-1.0128534253896724,1.0323473779434753,35.40000000000009,1.0323473779434744,3.234737794347442,-11.559999999999945,0.9898714657461033,-11.559999999999945,-1.0128534253896724
2024-01-18 00:00:00+00:00,1124.98,-4.789999999999964,0.9957601989785532,-0.004239801021446811,-0.42398010214468107,1.0279704304759827,30.610000000000127,1.0279704304759818,2.79704304759818,-4.789999999999964,0.9957601989785532,-4.789999999999964,-0.42398010214468107
2024-01-19 00:00:00+00:00,1130.05,5.069999999999936,1.0045067467866096,0.004506746786609483,0.4506746786609483,1.03260323291026,35.680000000000064,1.032603232910259,3.2603232910259017,5.069999999999936,1.0045067467866096,5.069999999999936,0.4506746786609483
2024-01-22 00:00:00+00:00,1136.91,6.860000000000127,1.00607052785275,0.006070527852749991,0.6070527852749992,1.0388716795964814,42.54000000000019,1.0388716795964803,3.88716795964803,6.860000000000127,1.00607052785275,6.860000000000127,0.6070527852749992
2024-01-23 00:00:00+00:00,1130.09,-6.820000000000164,0.9940012841825648,-0.00599871581743512,-0.5998715817435121,1.0326397836198005,35.72000000000003,1.0326397836197996,3.263978361979958,-6.820000000000164,0.9940012841825648,-6.820000000000164,-0.5998715817435121
2024-01-24 00:00:00+00:00,1124.09,-6.0,0.9946906883522552,-0.0053093116477448705,-0.5309311647744871,1.0271571771887031,29.720000000000027,1.0271571771887023,2.7157177188702253,-6.0,0.9946906883522552,-6.0,-0.5309311647744871
2024-01-25 00:00:00+00:00,1119.39,-4.699999999999818,0.9958188401284597,-0.004181159871540373,-0.4181159871540373,1.022862468817677,25.02000000000021,1.0228624688176762,2.2862468817676174,-4.699999999999818,0.9958188401284597,-4.699999999999818,-0.4181159871540373
2024-01-26 00:00:00+00:00,1109.95,-9.440000000000055,0.9915668355086252,-0.008433164491374814,-0.8433164491374814,1.014236501366084,15.580000000000155,1.014236501366083,1.423650136608301,-9.440000000000055,0.9915668355086252,-9.440000000000055,-0.8433164491374814
2024-01-29 00:00:00+00:00,1125.22,15.269999999999982,1.013757376458399,0.01375737645839901,1.3757376458399009,1.0281897347332265,30.850000000000136,1.0281897347332256,2.8189734733225613,15.269999999999982,1.013757376458399,15.269999999999982,1.3757376458399009
2024-01-30 00:00:00+00:00,1122.53,-2.6900000000000546,0.9976093563925277,-0.002390643607472365,-0.2390643607472365,1.025731699516618,28.160000000000082,1.025731699516617,2.5731699516617024,-2.6900000000000546,0.9976093563925277,-2.6900000000000546,-0.2390643607472365
2024-01-31 00:00:00+00:00,1125.63,3.1000000000001364,1.0027616188431492,0.0027616188431490796,0.27616188431490796,1.0285643795060184,31.26000000000022,1.0285643795060173,2.8564379506017312,3.1000000000001364,1.0027616188431492,3.1000000000001364,0.27616188431490796
2024-02-01 00:00:00+00:00,1124.67,-0.9600000000000364,0.9991471442658777,-0.0008528557341222571,-0.08528557341222572,1.0276871624770427,30.300000000000182,1.0276871624770418,2.768716247704184,-0.9600000000000364,0.9991471442658777,-0.9600000000000364,-0.08528557341222572
2024-02-02 00:00:00+00:00,1117.31,-7.360000000000127,0.9934558581628388,-0.006544141837161236,-0.6544141837161236,1.0209618319215632,22.940000000000055,1.0209618319215623,2.0961831921562313,-7.360000000000127,0.9934558581628388,-7.360000000000127,-0.6544141837161236
2024-02-05 00:00:00+00:00,1123.72,6.410000000000082,1.0057369933142997,0.005736993314299597,0.5736993314299597,1.0268190831254524,29.350000000000136,1.0268190831254513,2.6819083125451337,6.410000000000082,1.0057369933142997,6.410000000000082,0.5736993314299597
2024-02-06 00:00:00+00:00,1119.01,-4.710000000000036,0.9958085644110632,-0.004191435588936778,-0.4191435588936778,1.022515237077041,24.6400000000001,1.0225152370770398,2.251523707703984,-4.710000000000036,0.9958085644110632,-4.710000000000036,-0.4191435588936778
2024-02-07 00:00:00+00:00,1124.71,5.7000000000000455,1.005093788259265,0.0050937882592649265,0.5093788259264926,1.0277237131865835,30.340000000000146,1.0277237131865824,2.77237131865824,5.7000000000000455,1.005093788259265,5.7000000000000455,0.5093788259264926
2024-02-08 00:00:00+00:00,1124.94,0.2300000000000182,1.0002044971592678,0.0002044971592677385,0.02044971592677385,1.0279338797664423,30.570000000000164,1.027933879766441,2.7933879766441017,0.2300000000000182,1.0002044971592678,0.2300000000000182,0.02044971592677385
2024-02-09 00:00:00+00:00,1122.38,-2.5599999999999454,0.9977243230750085,-0.0022756769249915065,-0.22756769249915065,1.0255946343558409,28.01000000000022,1.0255946343558395,2.559463435583953,-2.5599999999999454,0.9977243230750085,-2.5599999999999454,-0.22756769249915065
2024-02-12 00:00:00+00:00,1120.94,-1.4400000000000546,0.9987170120636504,-0.0012829879363495914,-0.12829879363495914,1.0242788088123773,26.570000000000164,1.0242788088123762,2.4278808812376207,-1.4400000000000546,0.9987170120636504,-1.4400000000000546,-0.12829879363495914
2024-02-13 00:00:00+00:00,1123.08,2.1399999999998727,1.0019091119952896,0.001909111995289554,0.19091119952895538,1.026234271772802,28.710000000000036,1.0262342717728008,2.62342717728008,2.1399999999998727,1.0019091119952896,2.1399999999998727,0.19091119952895538
2024-02-14 00:00:00+00:00,1122.52,-0.5599999999999454,0.99950137122912,-0.0004986287708800312,-0.049862877088003126,1.025722561839233,28.15000000000009,1.0257225618392318,2.572256183923183,-0.5599999999999454,0.99950137122912,-0.5599999999999454,-0.049862877088003126
2024-02-15 00:00:00+00:00,1113.65,-8.86999999999989,0.992098136336101,-0.007901863663898986,-0.7901863663898987,1.0176174419985942,19.2800000000002,1.017617441998593,1.7617441998593053,-8.86999999999989,0.992098136336101,-8.86999999999989,-0.7901863663898987
2024-02-16 00:00:00+00:00,1107.33,-6.320000000000164,0.994324967449378,-0.005675032550621976,-0.5675032550621976,1.0118424298911715,12.960000000000036,1.0118424298911703,1.1842429891170347,-6.320000000000164,0.994324967449378,-6.320000000000164,-0.5675032550621976
2024-02-19 00:00:00+00:00,1105.63,-1.699999999999818,0.9984647756314741,-0.0015352243685259302,-0.15352243685259304,1.010289024735694,11.260000000000218,1.0102890247356928,1.028902473569282,-1.699999999999818,0.9984647756314741,-1.699999999999818,-0.15352243685259304
2024-02-20 00:00:00+00:00,1093.57,-12.060000000000173,0.9890921917820608,-0.010907808217939248,-1.0907808217939248,0.9992689858091881,-0.7999999999999545,0.9992689858091871,-0.07310141908128953,-12.060000000000173,0.9890921917820608,-12.060000000000173,-1.0907808217939248
2024-02-21 00:00:00+00:00,1068.09,-25.480000000000018,0.976700165512953,-0.02329983448704703,-2.329983448704703,0.9759861838317947,-26.279999999999973,0.9759861838317937,-2.4013816168206303,-25.480000000000018,0.976700165512953,-25.480000000000018,-2.329983448704703
2024-02-22 00:00:00+00:00,1064.44,-3.6499999999998636,0.9965826849797303,-0.0034173150202697,-0.34173150202697,0.9726509315862106,-29.929999999999836,0.9726509315862095,-2.734906841379048,-3.6499999999998636,0.9965826849797303,-3.6499999999998636,-0.34173150202697
2024-02-26 00:00:00+00:00,1097.4,32.960000000000036,1.0309646386832514,0.03096463868325132,3.0964638683251318,1.0027687162477055,3.0300000000002,1.0027687162477044,0.27687162477043614,32.960000000000036,1.0309646386832514,32.960000000000036,3.0964638683251318
2024-02-27 00:00:00+00:00,1097.34,-0.060000000000172804,0.9999453253143793,-5.467468562071514e-05,-0.005467468562071514,1.0027138901833943,2.9700000000000273,1.0027138901833932,0.2713890183393186,-0.060000000000172804,0.9999453253143793,-0.060000000000172804,-0.005467468562071514
2024-02-28 00:00:00+00:00,1114.87,17.529999999999973,1.0159749940765852,0.01597499407658517,1.5974994076585172,1.0187322386395836,20.5,1.0187322386395825,1.873223863958251,17.529999999999973,1.0159749940765852,17.529999999999973,1.5974994076585172
2024-02-29 00:00:00+00:00,1127.32,12.450000000000045,1.0111672212903746,0.011167221290374705,1.1167221290374705,1.0301086469841105,32.950000000000045,1.0301086469841096,3.0108646984109644,12.450000000000045,1.0111672212903746,12.450000000000045,1.1167221290374705
2024-03-01 00:00:00+00:00,1122.32,-5.0,0.9955647021253947,-0.004435297874605258,-0.44352978746052585,1.0255398082915295,27.950000000000045,1.0255398082915286,2.5539808291528576,-5.0,0.9955647021253947,-5.0,-0.44352978746052585
2024-03-04 00:00:00+00:00,1137.53,15.210000000000036,1.013552284553425,0.013552284553425081,1.355228455342508,1.0394382155943613,43.16000000000008,1.0394382155943602,3.9438215594360226,15.210000000000036,1.013552284553425,15.210000000000036,1.355228455342508
2024-03-05 00:00:00+00:00,1147.64,10.110000000000127,1.0088876776876214,0.008887677687621538,0.8887677687621538,1.0486764074307604,53.27000000000021,1.0486764074307595,4.867640743075952,10.110000000000127,1.0088876776876214,10.110000000000127,0.8887677687621538
2024-03-06 00:00:00+00:00,1151.68,4.039999999999964,1.00352026767976,0.0035202676797601714,0.3520267679760171,1.0523680290943658,57.31000000000017,1.0523680290943649,5.236802909436489,4.039999999999964,1.00352026767976,4.039999999999964,0.3520267679760171
2024-03-07 00:00:00+00:00,1152.12,0.4399999999998272,1.0003820505696026,0.0003820505696025173,0.03820505696025173,1.0527700868993128,57.75,1.052770086899312,5.277008689931195,0.4399999999998272,1.0003820505696026,0.4399999999998272,0.03820505696025173
2024-03-11 00:00:00+00:00,1153.65,1.5300000000002,1.0013279866680556,0.0013279866680555848,0.1327986668055585,1.054168151539243,59.2800000000002,1.054168151539242,5.416815153924204,1.5300000000002,1.0013279866680556,1.5300000000002,0.1327986668055585
2024-03-12 00:00:00+00:00,1144.53,-9.120000000000118,0.9920946560915355,-0.00790534390846454,-0.790534390846454,1.045834589763975,50.16000000000008,1.0458345897639738,4.583458976397381,-9.120000000000118,0.9920946560915355,-9.120000000000118,-0.790534390846454
2024-03-13 00:00:00+00:00,1142.39,-2.1399999999998727,0.9981302368657878,-0.0018697631342121856,-0.18697631342121857,1.0438791268035503,48.02000000000021,1.0438791268035492,4.387912680354922,-2.1399999999998727,0.9981302368657878,-2.1399999999998727,-0.18697631342121857
2024-03-14 00:00:00+00:00,1133.12,-9.27000000000021,0.9918854331708084,-0.008114566829191615,-0.8114566829191615,1.0354084998675046,38.75,1.0354084998675037,3.5408499867503718,-9.27000000000021,0.9918854331708084,-9.27000000000021,-0.8114566829191615
2024-03-15 00:00:00+00:00,1119.66,-13.459999999999809,0.988121293419938,-0.011878706580061961,-1.1878706580061962,1.0231091861070765,25.29000000000019,1.0231091861070756,2.3109186107075574,-13.459999999999809,0.988121293419938,-13.459999999999809,-1.1878706580061962
2024-03-18 00:00:00+00:00,1129.5,9.839999999999918,1.0087883821874497,0.008788382187449689,0.8788382187449688,1.0321006606540761,35.13000000000011,1.032100660654075,3.210066065407502,9.839999999999918,1.0087883821874497,9.839999999999918,0.8788382187449688
2024-03-19 00:00:00+00:00,1111.56,-17.940000000000055,0.9841168658698539,-0.01588313413014613,-1.588313413014613,1.015707667425095,17.190000000000055,1.015707667425094,1.5707667425093996,-17.940000000000055,0.9841168658698539,-17.940000000000055,-1.588313413014613
2024-03-20 00:00:00+00:00,1113.87,2.3099999999999454,1.002078160423189,0.0020781604231889825,0.20781604231889825,1.0178184709010676,19.5,1.0178184709010665,1.7818470901066474,2.3099999999999454,1.002078160423189,2.3099999999999454,0.20781604231889825
2024-03-21 00:00:00+00:00,1124.53,10.660000000000082,1.0095702371012776,0.009570237101277603,0.9570237101277603,1.0275592349936506,30.160000000000082,1.0275592349936493,2.7559234993649318,10.660000000000082,1.0095702371012776,10.660000000000082,0.9570237101277603
2024-03-22 00:00:00+00:00,1113.05,-11.480000000000018,0.9897912905836216,-0.010208709416378414,-1.0208709416378414,1.0170691813554844,18.680000000000064,1.017069181355483,1.7069181355483076,-11.480000000000018,0.9897912905836216,-11.480000000000018,-1.0208709416378414
2024-03-25 00:00:00+00:00,1115.63,2.5800000000001546,1.0023179551682315,0.002317955168231575,0.2317955168231575,1.0194267021208563,21.26000000000022,1.0194267021208552,1.9426702120855177,2.5800000000001546,1.0023179551682315,2.5800000000001546,0.2317955168231575
2024-03-26 00:00:00+00:00,1116.21,0.5799999999999272,1.0005198856251625,0.0005198856251623989,0.05198856251623989,1.0199566874091957,21.840000000000146,1.0199566874091945,1.995668740919454,0.5799999999999272,1.0005198856251625,0.5799999999999272,0.05198856251623989
2024-03-27 00:00:00+00:00,1129.95,13.740000000000009,1.0123095116510334,0.012309511651033415,1.2309511651033416,1.0325118561364086,35.580000000000155,1.0325118561364075,3.25118561364075,13.740000000000009,1.0123095116510334,13.740000000000009,1.2309511651033416
2024-03-28 00:00:00+00:00,1128.26,-1.6900000000000546,0.998504358599938,-0.0014956414000619979,-0.14956414000619978,1.030967588658316,33.8900000000001,1.030967588658315,3.096758865831495,-1.6900000000000546,0.998504358599938,-1.6900000000000546,-0.14956414000619978
2024-03-29 00:00:00+00:00,1136.91,8.650000000000091,1.0076666725754704,0.007666672575470274,0.7666672575470274,1.0388716795964816,42.54000000000019,1.0388716795964803,3.88716795964803,8.650000000000091,1.0076666725754704,8.650000000000091,0.7666672575470274
2024-04-01 00:00:00+00:00,1147.83,10.919999999999845,1.0096049819246904,0.009604981924690472,0.9604981924690472,1.0488500233010787,53.460000000000036,1.0488500233010773,4.885002330107735,10.919999999999845,1.0096049819246904,10.919999999999845,0.9604981924690472
2024-04-02 00:00:00+00:00,1147.95,0.12000000000011823,1.0001045450981418,0.0001045450981418139,0.01045450981418139,1.0489596754297008,53.580000000000155,1.0489596754296995,4.895967542969948,0.12000000000011823,1.0001045450981418,0.12000000000011823,0.01045450981418139
2024-04-03 00:00:00+00:00,1157.39,9.440000000000055,1.0082233546757264,0.008223354675726342,0.8223354675726342,1.0575856428812942,63.02000000000021,1.0575856428812926,5.758564288129264,9.440000000000055,1.0082233546757264,9.440000000000055,0.8223354675726342
2024-04-04 00:00:00+00:00,1163.76,6.369999999999891,1.0055037627765921,0.0055037627765920655,0.5503762776592066,1.0634063433756424,69.3900000000001,1.0634063433756409,6.340634337564088,6.369999999999891,1.0055037627765921,6.369999999999891,0.5503762776592066
2024-04-05 00:00:00+00:00,1155.91,-7.849999999999909,0.9932546229463121,-0.006745377053687968,-0.6745377053687968,1.05623326662829,61.54000000000019,1.0562332666282885,5.623326662828854,-7.849999999999909,0.9932546229463121,-7.849999999999909,-0.6745377053687968
2024-04-08 00:00:00+00:00,1162.3,6.389999999999873,1.005528112050246,0.005528112050246016,0.5528112050246016,1.0620722424774085,67.93000000000006,1.0620722424774072,6.207224247740717,6.389999999999873,1.005528112050246,6.389999999999873,0.5528112050246016
2024-04-09 00:00:00+00:00,1158.44,-3.8599999999999,0.9966789985373828,-0.0033210014626171387,-0.33210014626171386,1.058545099006736,64.07000000000016,1.0585450990067347,5.854509900673466,-3.8599999999999,0.9966789985373828,-3.8599999999999,-0.33210014626171386
2024-04-10 00:00:00+00:00,1159.39,0.9500000000000455,1.000820068367805,0.0008200683678050183,0.08200683678050183,1.0594131783583265,65.02000000000021,1.0594131783583252,5.941317835832516,0.9500000000000455,1.000820068367805,0.9500000000000455,0.08200683678050183
2024-04-11 00:00:00+00:00,1162.36,2.9699999999998,1.0025616919242013,0.002561691924201347,0.2561691924201347,1.0621270685417195,67.99000000000001,1.0621270685417181,6.212706854171812,2.9699999999998,1.0025616919242013,2.9699999999998,0.2561691924201347
2024-04-12 00:00:00+00:00,1165.53,3.1700000000000728,1.0027272101586429,0.002727210158642824,0.2727210158642824,1.065023712272816,71.16000000000008,1.0650237122728146,6.502371227281456,3.1700000000000728,1.0027272101586429,3.1700000000000728,0.2727210158642824
2024-04-15 00:00:00+00:00,1166.92,1.3900000000001,1.0011925904953112,0.0011925904953112318,0.11925904953112318,1.0662938494293535,72.55000000000018,1.0662938494293521,6.6293849429352125,1.3900000000001,1.0011925904953112,1.3900000000001,0.11925904953112318
2024-04-16 00:00:00+00:00,1155.46,-11.460000000000036,0.990179275357351,-0.009820724642649055,-0.9820724642649055,1.0558220711459574,61.090000000000146,1.0558220711459563,5.582207114595628,-11.460000000000036,0.990179275357351,-11.460000000000036,-0.9820724642649055
2024-04-17 00:00:00+00:00,1154.28,-1.1800000000000637,0.9989787617052948,-0.0010212382947051941,-0.10212382947051941,1.054743825214508,59.91000000000008,1.0547438252145072,5.474382521450716,-1.1800000000000637,0.9989787617052948,-1.1800000000000637,-0.10212382947051941
2024-04-18 00:00:00+00:00,1160.6,6.319999999999936,1.0054752746300724,0.0054752746300723715,0.5475274630072371,1.0605188373219305,66.23000000000002,1.0605188373219296,6.051883732192964,6.319999999999936,1.0054752746300724,6.319999999999936,0.5475274630072371
2024-04-19 00:00:00+00:00,1173.68,13.080000000000155,1.0112700327416855,0.01127003274168547,1.127003274168547,1.072470919341723,79.31000000000017,1.072470919341722,7.2470919341721896,13.080000000000155,1.0112700327416855,13.080000000000155,1.127003274168547
2024-04-22 00:00:00+00:00,1174.17,0.4900000000000091,1.0004174902869607,0.00041749028696067843,0.04174902869606784,1.072918665533596,79.80000000000018,1.072918665533595,7.291866553359494,0.4900000000000091,1.0004174902869607,0.4900000000000091,0.04174902869606784
2024-04-23 00:00:00+00:00,1163.5,-10.670000000000073,0.9909127298432083,-0.009087270156791668,-0.9087270156791668,1.0631687637636278,69.13000000000011,1.0631687637636267,6.316876376362668,-10.670000000000073,0.9909127298432083,-10.670000000000073,-0.9087270156791668
2024-04-24 00:00:00+00:00,1171.06,7.559999999999945,1.0064976364417704,0.006497636441770473,0.6497636441770472,1.0700768478668103,76.69000000000005,1.0700768478668092,7.007684786680923,7.559999999999945,1.0064976364417704,7.559999999999945,0.6497636441770472
2024-04-25 00:00:00+00:00,1178.69,7.630000000000109,1.0065154646217958,0.0065154646217957315,0.6515464621795731,1.0770488957116893,84.32000000000016,1.0770488957116882,7.704889571168816,7.630000000000109,1.0065154646217958,7.630000000000109,0.6515464621795731
2024-04-26 00:00:00+00:00,1186.79,8.099999999999909,1.0068720359042664,0.006872035904266524,0.6872035904266524,1.0844504143936706,92.42000000000007,1.0844504143936695,8.445041439366952,8.099999999999909,1.0068720359042664,8.099999999999909,0.6872035904266524
2024-04-27 00:00:00+00:00,1182.25,-4.539999999999964,0.9961745548917669,-0.0038254451082331024,-0.38254451082331026,1.080301908860807,87.88000000000011,1.080301908860806,8.03019088608059,-4.539999999999964,0.9961745548917669,-4.539999999999964,-0.38254451082331026
2024-04-29 00:00:00+00:00,1177.42,-4.829999999999927,0.9959145696764644,-0.00408543032353557,-0.408543032353557,1.0758884106837736,83.05000000000018,1.0758884106837725,7.58884106837725,-4.829999999999927,0.9959145696764644,-4.829999999999927,-0.408543032353557
2024-04-30 00:00:00+00:00,1174.68,-2.740000000000009,0.9976728779874641,-0.002327122012535891,-0.23271220125358913,1.073384687080239,80.31000000000017,1.0733846870802382,7.338468708023815,-2.740000000000009,0.9976728779874641,-2.740000000000009,-0.23271220125358913
2024-05-02 00:00:00+00:00,1177.96,3.2799999999999727,1.002792249804202,0.002792249804201972,0.2792249804201972,1.0763818452625722,83.59000000000015,1.0763818452625713,7.63818452625713,3.2799999999999727,1.002792249804202,3.2799999999999727,0.2792249804201972
2024-05-03 00:00:00+00:00,1184.68,6.720000000000027,1.0057047777513668,0.005704777751366793,0.5704777751366793,1.0825223644654012,90.31000000000017,1.0825223644654003,8.252236446540028,6.720000000000027,1.0057047777513668,6.720000000000027,0.5704777751366793
2024-05-06 00:00:00+00:00,1186.2,1.5199999999999818,1.0012830468987406,0.0012830468987405728,0.12830468987405727,1.0839112914279458,91.83000000000015,1.083911291427945,8.391129142794496,1.5199999999999818,1.0012830468987406,1.5199999999999818,0.12830468987405727
2024-05-07 00:00:00+00:00,1185.0,-1.2000000000000455,0.9989883662114314,-0.0010116337885685764,-0.10116337885685764,1.0828147701417263,90.63000000000011,1.0828147701417254,8.281477014172545,-1.2000000000000455,0.9989883662114314,-1.2000000000000455,-0.10116337885685764
2024-05-08 00:00:00+00:00,1176.3,-8.700000000000045,0.9926582278481012,-0.007341772151898773,-0.7341772151898773,1.0748649908166352,81.93000000000006,1.0748649908166343,7.486499081663434,-8.700000000000045,0.9926582278481012,-8.700000000000045,-0.7341772151898773
2024-05-10 00:00:00+00:00,1178.02,1.7200000000000273,1.001462212020743,0.001462212020743031,0.1462212020743031,1.0764366713268831,83.65000000000009,1.0764366713268823,7.6436671326882255,1.7200000000000273,1.001462212020743,1.7200000000000273,0.1462212020743031
2024-05-13 00:00:00+00:00,1193.46,15.440000000000055,1.0131067384254937,0.013106738425493671,1.3106738425493671,1.0905452452095736,99.09000000000015,1.0905452452095727,9.054524520957274,15.440000000000055,1.0131067384254937,15.440000000000055,1.3106738425493671
2024-05-14 00:00:00+00:00,1194.63,1.1700000000000728,1.0009803428686341,0.0009803428686341166,0.09803428686341166,1.0916143534636378,100.26000000000022,1.0916143534636369,9.161435346363689,1.1700000000000728,1.0009803428686341,1.1700000000000728,0.09803428686341166
2024-05-15 00:00:00+00:00,1200.49,5.8599999999999,1.0049052844813875,0.004905284481387459,0.49052844813874585,1.0969690324113428,106.12000000000012,1.0969690324113417,9.69690324113417,5.8599999999999,1.0049052844813875,5.8599999999999,0.49052844813874585
2024-05-16 00:00:00+00:00,1207.94,7.4500000000000455,1.0062057992986198,0.006205799298619768,0.6205799298619769,1.1037766020632886,113.57000000000016,1.1037766020632878,10.377660206328777,7.4500000000000455,1.0062057992986198,7.4500000000000455,0.6205799298619769
2024-05-17 00:00:00+00:00,1211.87,3.9299999999998363,1.0032534728546119,0.003253472854611848,0.3253472854611848,1.1073677092756573,117.5,1.1073677092756564,10.736770927565642,3.9299999999998363,1.0032534728546119,3.9299999999998363,0.3253472854611848
2024-05-20 00:00:00+00:00,1204.1,-7.769999999999982,0.9935884212002938,-0.006411578799706225,-0.6411578799706225,1.1002677339473863,109.73000000000002,1.1002677339473852,10.02677339473852,-7.769999999999982,0.9935884212002938,-7.769999999999982,-0.6411578799706225
2024-05-21 00:00:00+00:00,1199.26,-4.839999999999918,0.9959804002989786,-0.004019599701021442,-0.4019599701021442,1.095845098092968,104.8900000000001,1.0958450980929668,9.584509809296682,-4.839999999999918,0.9959804002989786,-4.839999999999918,-0.4019599701021442
2024-05-22 00:00:00+00:00,1203.6,4.339999999999918,1.003618898320631,0.0036188983206309876,0.36188983206309877,1.099810850078128,109.23000000000002,1.0998108500781272,9.981085007812718,4.339999999999918,1.003618898320631,4.339999999999918,0.36188983206309877
2024-05-23 00:00:00+00:00,1204.89,1.290000000000191,1.001071784646062,0.0010717846460619733,0.10717846460619733,1.1009896104608141,110.52000000000021,1.1009896104608132,10.098961046081323,1.290000000000191,1.001071784646062,1.290000000000191,0.10717846460619733
2024-05-24 00:00:00+00:00,1195.58,-9.310000000000173,0.9922731535658855,-0.00772684643411446,-0.772684643411446,1.0924824328152278,101.21000000000004,1.0924824328152272,9.248243281522717,-9.310000000000173,0.9922731535658855,-9.310000000000173,-0.772684643411446
2024-05-27 00:00:00+00:00,1173.92,-21.659999999999854,0.9818832700446646,-0.018116729955335364,-1.8116729955335364,1.0726902235989666,79.55000000000018,1.0726902235989657,7.269022359896571,-21.659999999999854,0.9818832700446646,-21.659999999999854,-1.8116729955335364
2024-05-28 00:00:00+00:00,1174.75,0.8299999999999272,1.0007070328472127,0.0007070328472126952,0.07070328472126952,1.073448650821935,80.38000000000011,1.073448650821934,7.344865082193408,0.8299999999999272,1.0007070328472127,0.8299999999999272,0.07070328472126952
2024-05-29 00:00:00+00:00,1167.72,-7.029999999999973,0.9940157480314961,-0.005984251968503914,-0.5984251968503914,1.0670248636201658,73.35000000000014,1.0670248636201651,6.702486362016513,-7.029999999999973,0.9940157480314961,-7.029999999999973,-0.5984251968503914
2024-05-30 00:00:00+00:00,1150.88,-16.839999999999918,0.9855787346281644,-0.014421265371835643,-1.4421265371835643,1.0516370149035528,56.51000000000022,1.051637014903552,5.16370149035521,-16.839999999999918,0.9855787346281644,-16.839999999999918,-1.4421265371835643
2024-05-31 00:00:00+00:00,1125.68,-25.200000000000045,0.9781037119421659,-0.021896288057834043,-2.1896288057834044,1.028610067892944,31.310000000000173,1.028610067892943,2.861006789294307,-25.200000000000045,0.9781037119421659,-25.200000000000045,-2.1896288057834044
2024-06-03 00:00:00+00:00,1111.55,-14.13000000000011,0.9874475872361593,-0.01255241276384062,-1.255241276384062,1.0156985297477095,17.180000000000064,1.0156985297477088,1.56985297477088,-14.13000000000011,0.9874475872361593,-14.13000000000011,-1.255241276384062
2024-06-04 00:00:00+00:00,1131.34,19.789999999999964,1.017803967432864,0.017803967432863988,1.7803967432863987,1.0337819932929455,36.97000000000003,1.0337819932929448,3.3781993292944845,19.789999999999964,1.017803967432864,19.789999999999964,1.7803967432863987
2024-06-05 00:00:00+00:00,1140.37,9.029999999999973,1.0079816854349708,0.007981685434970897,0.7981685434970897,1.042033315971747,46.0,1.0420333159717463,4.203331597174631,9.029999999999973,1.0079816854349708,9.029999999999973,0.7981685434970897
2024-06-06 00:00:00+00:00,1131.97,-8.399999999999864,0.9926339696765086,-0.0073660303234913795,-0.7366030323491379,1.0343576669682109,37.600000000000136,1.0343576669682102,3.4357666968210188,-8.399999999999864,0.9926339696765086,-8.399999999999864,-0.7366030323491379
2024-06-07 00:00:00+00:00,1143.22,11.25,1.0099384259300157,0.009938425930015813,0.9938425930015813,1.0446375540265183,48.850000000000136,1.0446375540265176,4.463755402651759,11.25,1.0099384259300157,11.25,0.9938425930015813
2024-06-10 00:00:00+00:00,1130.91,-12.309999999999945,0.9892321687864104,-0.010767831213589638,-1.0767831213589638,1.0333890731653836,36.54000000000019,1.033389073165383,3.3389073165382976,-12.309999999999945,0.9892321687864104,-12.309999999999945,-1.0767831213589638
2024-06-11 00:00:00+00:00,1119.51,-11.400000000000091,0.9899196222511074,-0.010080377748892564,-1.0080377748892564,1.0229721209462985,25.1400000000001,1.0229721209462979,2.297212094629786,-11.400000000000091,0.9899196222511074,-11.400000000000091,-1.0080377748892564
2024-06-13 00:00:00+00:00,1132.72,13.210000000000036,1.0117998052719495,0.011799805271949368,1.1799805271949368,1.0350429927720979,38.350000000000136,1.0350429927720972,3.5042992772097215,13.210000000000036,1.0117998052719495,13.210000000000036,1.1799805271949368
2024-06-14 00:00:00+00:00,1137.45,4.730000000000018,1.0041757892506533,0.004175789250653311,0.41757892506533106,1.0393651141752795,43.080000000000155,1.039365114175279,3.9365114175279103,4.730000000000018,1.0041757892506533,4.730000000000018,0.41757892506533106
2024-06-17 00:00:00+00:00,1126.25,-11.200000000000045,0.9901534133368499,-0.009846586663150069,-0.9846586663150069,1.0291309155038977,31.88000000000011,1.0291309155038972,2.9130915503897237,-11.200000000000045,0.9901534133368499,-11.200000000000045,-0.9846586663150069
2024-06-18 00:00:00+00:00,1127.16,0.9100000000000819,1.0008079911209768,0.0008079911209767653,0.08079911209767653,1.0299624441459476,32.79000000000019,1.0299624441459472,2.9962444145947176,0.9100000000000819,1.0008079911209768,0.9100000000000819,0.08079911209767653
2024-06-19 00:00:00+00:00,1154.23,27.069999999999936,1.0240161112885482,0.02401611128854815,2.401611128854815,1.0546981368275818,59.86000000000013,1.0546981368275812,5.469813682758118,27.069999999999936,1.0240161112885482,27.069999999999936,2.401611128854815
2024-06-20 00:00:00+00:00,1151.93,-2.2999999999999545,0.9980073295616991,-0.001992670438300819,-0.1992670438300819,1.0525964710289946,57.56000000000017,1.0525964710289941,5.259647102899412,-2.2999999999999545,0.9980073295616991,-2.2999999999999545,-0.1992670438300819
2024-06-21 00:00:00+00:00,1115.39,-36.539999999999964,0.9682793225282786,-0.03172067747172134,-3.1720677471721337,1.0192073978636118,21.02000000000021,1.0192073978636111,1.9207397863611142,-36.539999999999964,0.9682793225282786,-36.539999999999964,-3.1720677471721337
2024-06-24 00:00:00+00:00,1109.55,-5.8400000000001455,0.9947641632074878,-0.005235836792512166,-0.5235836792512166,1.013870994270677,15.180000000000064,1.0138709942706763,1.3870994270676285,-5.8400000000001455,0.9947641632074878,-5.8400000000001455,-0.5235836792512166
2024-06-25 00:00:00+00:00,1123.04,13.490000000000009,1.012158082105358,0.012158082105358037,1.2158082105358037,1.0261977210632607,28.670000000000073,1.0261977210632602,2.6197721063260238,13.490000000000009,1.012158082105358,13.490000000000009,1.2158082105358037
2024-06-26 00:00:00+00:00,1130.73,7.690000000000055,1.0068474853967802,0.006847485396780217,0.6847485396780216,1.0332245949724503,36.36000000000013,1.0332245949724501,3.3224594972450117,7.690000000000055,1.0068474853967802,7.690000000000055,0.6847485396780216
2024-06-27 00:00:00+00:00,1168.05,37.319999999999936,1.0330052267119472,0.03300522671194709,3.300522671194709,1.067326406973876,73.68000000000006,1.0673264069738755,6.732640697387549,37.319999999999936,1.0330052267119472,37.319999999999936,3.300522671194709
2024-06-28 00:00:00+00:00,1158.85,-9.200000000000045,0.9921236248448269,-0.007876375155173192,-0.7876375155173192,1.0589197437795266,64.48000000000002,1.0589197437795261,5.8919743779526135,-9.200000000000045,0.9921236248448269,-9.200000000000045,-0.7876375155173192
2024-07-01 00:00:00+00:00,1149.77,-9.079999999999927,0.992164645985244,-0.007835354014755946,-0.7835354014755945,1.0506227327137994,55.40000000000009,1.050622732713799,5.062273271379891,-9.079999999999927,0.992164645985244,-9.079999999999927,-0.7835354014755945
2024-07-02 00:00:00+00:00,1151.82,2.0499999999999545,1.0017829652887098,0.0017829652887098764,0.17829652887098763,1.0524959565777574,57.450000000000045,1.0524959565777572,5.249595657775719,2.0499999999999545,1.0017829652887098,2.0499999999999545,0.17829652887098763
2024-07-03 00:00:00+00:00,1147.28,-4.539999999999964,0.996058411904638,-0.003941588095362091,-0.3941588095362091,1.0483474510448938,52.91000000000008,1.0483474510448936,4.8347451044893575,-4.539999999999964,0.996058411904638,-4.539999999999964,-0.3941588095362091
2024-07-04 00:00:00+00:00,1120.31,-26.970000000000027,0.9764922250889059,-0.02350777491109409,-2.350777491109409,1.023703135137111,25.940000000000055,1.0237031351371109,2.3703135137110865,-26.970000000000027,0.9764922250889059,-26.970000000000027,-2.350777491109409
2024-07-05 00:00:00+00:00,1125.66,5.350000000000136,1.0047754639340898,0.004775463934089794,0.4775463934089794,1.028591792538173,31.29000000000019,1.028591792538173,2.85917925381729,5.350000000000136,1.0047754639340898,5.350000000000136,0.4775463934089794
2024-07-08 00:00:00+00:00,1119.25,-6.410000000000082,0.9943055629586197,-0.0056944370413802405,-0.569443704138024,1.0227345413342839,24.88000000000011,1.0227345413342837,2.2734541334283653,-6.410000000000082,0.9943055629586197,-6.410000000000082,-0.569443704138024
2024-07-09 00:00:00+00:00,1093.26,-25.99000000000001,0.9767790931427295,-0.0232209068572705,-2.32209068572705,0.9989857178102471,-1.1099999999999,0.998985717810247,-0.10142821897529686,-25.99000000000001,0.9767790931427295,-25.99000000000001,-2.32209068572705
2024-07-10 00:00:00+00:00,1067.01,-26.25,0.975989243180945,-0.024010756819054936,-2.4010756819054935,0.9749993146741962,-27.3599999999999,0.9749993146741962,-2.5000685325803795,-26.25,0.975989243180945,-26.25,-2.4010756819054935
2024-07-11 00:00:00+00:00,1071.29,4.279999999999973,1.0040112088921378,0.004011208892137817,0.40112088921378175,0.9789102405950456,-23.079999999999927,0.9789102405950456,-2.108975940495439,4.279999999999973,1.0040112088921378,4.279999999999973,0.40112088921378175
2024-07-12 00:00:00+00:00,1067.47,-3.8199999999999363,0.9964342054905768,-0.0035657945094231596,-0.35657945094231597,0.9754196478339137,-26.899999999999864,0.9754196478339137,-2.458035216608634,-3.8199999999999363,0.9964342054905768,-3.8199999999999363,-0.35657945094231597
2024-07-15 00:00:00+00:00,1045.25,-22.220000000000027,0.9791844267286199,-0.020815573271380016,-2.0815573271380017,0.9551157286840831,-49.11999999999989,0.9551157286840831,-4.488427131591688,-22.220000000000027,0.9791844267286199,-22.220000000000027,-2.0815573271380017
2024-07-16 00:00:00+00:00,1050.83,5.579999999999927,1.0053384357809136,0.005338435780913587,0.5338435780913587,0.9602145526650037,-43.539999999999964,0.9602145526650037,-3.978544733499634,5.579999999999927,1.0053384357809136,5.579999999999927,0.5338435780913587
2024-07-17 00:00:00+00:00,1054.01,3.1800000000000637,1.0030261793058821,0.003026179305882078,0.3026179305882078,0.9631203340734853,-40.3599999999999,0.9631203340734853,-3.6879665926514704,3.1800000000000637,1.0030261793058821,3.1800000000000637,0.3026179305882078
2024-07-18 00:00:00+00:00,1068.51,14.5,1.013756985227844,0.013756985227844139,1.3756985227844138,0.9763699662819705,-25.8599999999999,0.9763699662819706,-2.363003371802941,14.5,1.013756985227844,14.5,1.3756985227844138
2024-07-19 00:00:00+00:00,1076.63,8.120000000000118,1.00759936734331,0.0075993673433099535,0.7599367343309954,0.9837897603187222,-17.73999999999978,0.9837897603187223,-1.621023968127766,8.120000000000118,1.00759936734331,8.120000000000118,0.7599367343309954
2024-07-22 00:00:00+00:00,1085.43,8.799999999999955,1.008173652972702,0.008173652972701813,0.8173652972701814,0.9918309164176651,-8.939999999999827,0.9918309164176651,-0.8169083582334924,8.799999999999955,1.008173652972702,8.799999999999955,0.8173652972701814
2024-07-23 00:00:00+00:00,1092.67,7.240000000000009,1.006670167583354,0.00667016758335407,0.667016758335407,0.9984465948445225,-1.699999999999818,0.9984465948445226,-0.15534051554774164,7.240000000000009,1.006670167583354,7.240000000000009,0.667016758335407
2024-07-24 00:00:00+00:00,1110.77,18.09999999999991,1.0165649281118727,0.016564928111872667,1.6564928111872668,1.0149857909116662,16.40000000000009,1.0149857909116662,1.4985790911666186,18.09999999999991,1.0165649281118727,18.09999999999991,1.6564928111872668
2024-07-25 00:00:00+00:00,1121.76,10.990000000000009,1.0098940374695031,0.009894037469503146,0.9894037469503146,1.0250280983579594,27.3900000000001,1.0250280983579594,2.5028098357959383,10.990000000000009,1.0098940374695031,10.990000000000009,0.9894037469503146
2024-07-26 00:00:00+00:00,1102.01,-19.75,0.9823937384110684,-0.01760626158893168,-1.760626158893168,1.006981185522264,7.6400000000001,1.0069811855222641,0.6981185522264122,-19.75,0.9823937384110684,-19.75,-1.760626158893168
2024-07-29 00:00:00+00:00,1057.99,-44.01999999999998,0.9600548089400278,-0.03994519105997222,-3.994519105997222,0.9667571296727798,-36.37999999999988,0.9667571296727798,-3.3242870327220175,-44.01999999999998,0.9600548089400278,-44.01999999999998,-3.994519105997222
2024-07-30 00:00:00+00:00,1074.56,16.569999999999936,1.0156617737407725,0.015661773740772537,1.5661773740772538,0.9818982610999936,-19.809999999999945,0.9818982610999937,-1.8101738900006326,16.569999999999936,1.0156617737407725,16.569999999999936,1.5661773740772538
2024-07-31 00:00:00+00:00,1076.55,1.990000000000009,1.0018519207861822,0.0018519207861822599,0.18519207861822598,0.9837166588996409,-17.819999999999936,0.983716658899641,-1.6283341100359006,1.990000000000009,1.0018519207861822,1.990000000000009,0.18519207861822598
2024-08-01 00:00:00+00:00,1078.07,1.5199999999999818,1.0014119177000604,0.0014119177000603612,0.1411917700060361,0.9851055858621856,-16.299999999999955,0.9851055858621856,-1.489441413781445,1.5199999999999818,1.0014119177000604,1.5199999999999818,0.1411917700060361
2024-08-02 00:00:00+00:00,1065.6,-12.470000000000027,0.9884330331054569,-0.011566966894543052,-1.1566966894543051,0.9737109021628882,-28.769999999999982,0.9737109021628882,-2.6289097837111752,-12.470000000000027,0.9884330331054569,-12.470000000000027,-1.1566966894543051
2024-08-05 00:00:00+00:00,1049.01,-16.589999999999918,0.9844313063063064,-0.015568693693693618,-1.5568693693693618,0.9585514953809041,-45.3599999999999,0.9585514953809041,-4.144850461909588,-16.589999999999918,0.9844313063063064,-16.589999999999918,-1.5568693693693618
2024-08-06 00:00:00+00:00,1047.09,-1.9200000000000728,0.998169702862699,-0.001830297137300953,-0.1830297137300953,0.9567970613229528,-47.27999999999997,0.956797061322953,-4.320293867704706,-1.9200000000000728,0.998169702862699,-1.9200000000000728,-0.1830297137300953
2024-08-07 00:00:00+00:00,1053.66,6.570000000000164,1.0062745322751627,0.00627453227516275,0.6274532275162751,0.9628005153650046,-40.70999999999981,0.9628005153650047,-3.719948463499534,6.570000000000164,1.0062745322751627,6.570000000000164,0.6274532275162751
2024-08-08 00:00:00+00:00,1038.1,-15.560000000000173,0.985232427917924,-0.014767572082075974,-1.4767572082075975,0.9485822893536919,-56.26999999999998,0.948582289353692,-5.141771064630795,-15.560000000000173,0.985232427917924,-15.560000000000173,-1.4767572082075975
2024-08-09 00:00:00+00:00,1036.57,-1.5299999999999727,0.9985261535497544,-0.0014738464502456149,-0.1473846450245615,0.9471842247137622,-57.799999999999955,0.9471842247137623,-5.281577528623771,-1.5299999999999727,0.9985261535497544,-1.5299999999999727,-0.1473846450245615
2024-08-12 00:00:00+00:00,996.32,-40.249999999999886,0.9611700126378345,-0.038829987362165495,-3.8829987362165497,0.9104050732384843,-98.04999999999984,0.9104050732384844,-8.959492676151559,-40.249999999999886,0.9611700126378345,-40.249999999999886,-3.8829987362165497
2024-08-13 00:00:00+00:00,980.7,-15.620000000000005,0.9843223060863979,-0.015677693913602058,-1.5677693913602058,0.8961320211628608,-113.66999999999985,0.896132021162861,-10.386797883713905,-15.620000000000005,0.9843223060863979,-15.620000000000005,-1.5677693913602058
2024-08-14 00:00:00+00:00,1005.2,24.5,1.0249821556031407,0.024982155603140613,2.4982155603140614,0.9185193307565084,-89.16999999999985,0.9185193307565085,-8.148066924349152,24.5,1.0249821556031407,24.5,2.4982155603140614
2024-08-15 00:00:00+00:00,1006.88,1.67999999999995,1.0016713091922005,0.0016713091922005072,0.16713091922005072,0.9200544605572156,-87.4899999999999,0.9200544605572156,-7.9945539442784375,1.67999999999995,1.0016713091922005,1.67999999999995,0.16713091922005072
2024-08-16 00:00:00+00:00,1002.12,-4.759999999999991,0.9952725250278087,-0.004727474972191315,-0.4727474972191315,0.9157049261218785,-92.24999999999989,0.9157049261218785,-8.429507387812151,-4.759999999999991,0.9952725250278087,-4.759999999999991,-0.4727474972191315
2024-08-19 00:00:00+00:00,976.5,-25.620000000000005,0.9744341994970662,-0.025565800502933785,-2.5565800502933786,0.8922941966610928,-117.86999999999989,0.8922941966610928,-10.770580333890722,-25.620000000000005,0.9744341994970662,-25.620000000000005,-2.5565800502933786
2024-08-20 00:00:00+00:00,961.6,-14.899999999999977,0.9847414234511009,-0.015258576548899106,-1.5258576548899105,0.8786790573572011,-132.76999999999987,0.8786790573572011,-12.13209426427989,-14.899999999999977,0.9847414234511009,-14.899999999999977,-1.5258576548899105
2024-08-21 00:00:00+00:00,951.1,-10.5,0.9890806988352745,-0.010919301164725457,-1.0919301164725457,0.8690844961027807,-143.26999999999987,0.8690844961027807,-13.09155038972193,-10.5,0.9890806988352745,-10.5,-1.0919301164725457
2024-08-22 00:00:00+00:00,940.61,-10.490000000000009,0.9889706655451582,-0.011029334454841772,-1.1029334454841773,0.8594990725257455,-153.75999999999988,0.8594990725257455,-14.050092747425447,-10.490000000000009,0.9889706655451582,-10.490000000000009,-1.1029334454841773
2024-08-23 00:00:00+00:00,915.64,-24.970000000000027,0.9734533972634779,-0.02654660273652207,-2.6546602736522074,0.8366822920949953,-178.7299999999999,0.8366822920949953,-16.331770790500467,-24.970000000000027,0.9734533972634779,-24.970000000000027,-2.6546602736522074
2024-08-26 00:00:00+00:00,948.67,33.02999999999997,1.036073129177406,0.03607312917740594,3.607312917740594,0.8668640404981862,-145.69999999999993,0.8668640404981862,-13.313595950181378,33.02999999999997,1.036073129177406,33.02999999999997,3.607312917740594
2024-08-27 00:00:00+00:00,940.23,-8.43999999999994,0.9911033341414823,-0.008896665858517653,-0.8896665858517653,0.8591518407851093,-154.13999999999987,0.8591518407851093,-14.084815921489069,-8.43999999999994,0.9911033341414823,-8.43999999999994,-0.8896665858517653
2024-08-28 00:00:00+00:00,930.12,-10.110000000000014,0.989247311827957,-0.010752688172043025,-1.0752688172043026,0.8499136489487102,-164.2499999999999,0.8499136489487104,-15.008635105128965,-10.110000000000014,0.989247311827957,-10.110000000000014,-1.0752688172043026
2024-08-29 00:00:00+00:00,932.88,2.759999999999991,1.002967359050445,0.002967359050445094,0.2967359050445094,0.852435647907015,-161.4899999999999,0.8524356479070151,-14.756435209298491,2.759999999999991,1.002967359050445,2.759999999999991,0.2967359050445094
2024-08-30 00:00:00+00:00,915.6,-17.279999999999973,0.9814767172626705,-0.01852328273732953,-1.852328273732953,0.8366457413854547,-178.76999999999987,0.8366457413854548,-16.33542586145452,-17.279999999999973,0.9814767172626705,-17.279999999999973,-1.852328273732953
2024-09-02 00:00:00+00:00,890.82,-24.779999999999973,0.9729357798165138,-0.02706422018348621,-2.7064220183486207,0.8140025768250226,-203.54999999999984,0.8140025768250228,-18.599742317497725,-24.779999999999973,0.9729357798165138,-24.779999999999973,-2.7064220183486207
2024-09-03 00:00:00+00:00,897.44,6.6200000000000045,1.007431355380436,0.007431355380436007,0.7431355380436007,0.820051719254,-196.92999999999984,0.8200517192540001,-17.99482807459999,6.6200000000000045,1.007431355380436,6.6200000000000045,0.7431355380436007
2024-09-04 00:00:00+00:00,922.85,25.409999999999968,1.028313870565163,0.028313870565163095,2.8313870565163093,0.8432705574896973,-171.51999999999987,0.8432705574896974,-15.672944251030263,25.409999999999968,1.028313870565163,25.409999999999968,2.8313870565163093
2024-09-05 00:00:00+00:00,920.65,-2.2000000000000455,0.997616080619819,-0.0023839193801810103,-0.23839193801810105,0.8412602684649615,-173.7199999999999,0.8412602684649616,-15.87397315350384,-2.2000000000000455,0.997616080619819,-2.2000000000000455,-0.23839193801810105
2024-09-06 00:00:00+00:00,920.06,-0.5900000000000318,0.9993591484277412,-0.0006408515722587648,-0.06408515722587647,0.8407211454992368,-174.30999999999995,0.840721145499237,-15.927885450076296,-0.5900000000000318,0.9993591484277412,-0.5900000000000318,-0.06408515722587647
2024-09-09 00:00:00+00:00,942.14,22.08000000000004,1.0239984348846816,0.02399843488468148,2.399843488468148,0.8608971371656752,-152.2299999999999,0.8608971371656753,-13.910286283432471,22.08000000000004,1.0239984348846816,22.08000000000004,2.399843488468148
2024-09-10 00:00:00+00:00,923.63,-18.50999999999999,0.9803532383722164,-0.019646761627783546,-1.9646761627783547,0.8439832963257399,-170.7399999999999,0.84398329632574,-15.601670367426001,-18.50999999999999,0.9803532383722164,-18.50999999999999,-1.9646761627783547
2024-09-11 00:00:00+00:00,920.93,-2.7000000000000455,0.9970767515130518,-0.002923248486948286,-0.2923248486948286,0.8415161234317461,-173.43999999999994,0.8415161234317462,-15.84838765682538,-2.7000000000000455,0.9970767515130518,-2.7000000000000455,-0.2923248486948286
2024-09-12 00:00:00+00:00,904.16,-16.769999999999982,0.9817901469167037,-0.018209853083296215,-1.8209853083296215,0.826192238456829,-190.20999999999992,0.8261922384568291,-17.38077615431709,-16.769999999999982,0.9817901469167037,-16.769999999999982,-1.8209853083296215
2024-09-13 00:00:00+00:00,928.07,23.910000000000082,1.0264444346133428,0.026444434613342862,2.644443461334286,0.8480404250847519,-166.29999999999984,0.8480404250847521,-15.195957491524792,23.910000000000082,1.0264444346133428,23.910000000000082,2.644443461334286
2024-09-16 00:00:00+00:00,948.5,20.42999999999995,1.0220134257114226,0.022013425711422573,2.2013425711422574,0.8667086999826383,-145.8699999999999,0.8667086999826386,-13.329130001736145,20.42999999999995,1.0220134257114226,20.42999999999995,2.2013425711422574
2024-09-17 00:00:00+00:00,955.8,7.2999999999999545,1.0076963626779125,0.007696362677912446,0.7696362677912446,0.8733792044738068,-138.56999999999994,0.8733792044738069,-12.66207955261931,7.2999999999999545,1.0076963626779125,7.2999999999999545,0.7696362677912446
2024-09-18 00:00:00+00:00,945.61,-10.18999999999994,0.9893387738020507,-0.0106612261979493,-1.06612261979493,0.8640679112183265,-148.75999999999988,0.8640679112183266,-13.59320887816734,-10.18999999999994,0.9893387738020507,-10.18999999999994,-1.06612261979493
2024-09-19 00:00:00+00:00,937.6,-8.009999999999991,0.9915292773976586,-0.008470722602341337,-0.8470722602341336,0.8567486316328115,-156.76999999999987,0.8567486316328117,-14.325136836718833,-8.009999999999991,0.9915292773976586,-8.009999999999991,-0.8470722602341336
2024-09-20 00:00:00+00:00,946.7,9.100000000000023,1.0097056313993173,0.00970563139931743,0.970563139931743,0.8650639180533091,-147.66999999999985,0.8650639180533093,-13.493608194669072,9.100000000000023,1.0097056313993173,9.100000000000023,0.970563139931743
2024-09-23 00:00:00+00:00,956.01,9.309999999999945,1.009834160768987,0.009834160768986949,0.9834160768986948,0.873571095698895,-138.3599999999999,0.8735710956988954,-12.642890430110466,9.309999999999945,1.009834160768987,9.309999999999945,0.9834160768986948
2024-09-24 00:00:00+00:00,974.27,18.25999999999999,1.01910021861696,0.019100218616960065,1.9100218616960065,0.8902564946042012,-120.09999999999991,0.8902564946042015,-10.974350539579847,18.25999999999999,1.01910021861696,18.25999999999999,1.9100218616960065
2024-09-25 00:00:00+00:00,965.0,-9.269999999999982,0.990485183778624,-0.009514816221375986,-0.9514816221375986,0.8817858676681558,-129.3699999999999,0.8817858676681561,-11.821413233184385,-9.269999999999982,0.990485183778624,-9.269999999999982,-0.9514816221375986
2024-09-26 00:00:00+00:00,964.64,-0.36000000000001364,0.9996269430051813,-0.000373056994818667,-0.0373056994818667,0.8814569112822899,-129.7299999999999,0.8814569112822903,-11.854308871770968,-0.36000000000001364,0.9996269430051813,-0.36000000000001364,-0.0373056994818667
2024-09-27 00:00:00+00:00,971.29,6.649999999999977,1.00689376347653,0.006893763476530081,0.689376347653008,0.8875334667434227,-123.07999999999993,0.8875334667434233,-11.246653325657674,6.649999999999977,1.00689376347653,6.649999999999977,0.689376347653008
2024-09-30 00:00:00+00:00,965.64,-5.649999999999977,0.9941829937505792,-0.00581700624942085,-0.581700624942085,0.8823706790208061,-128.7299999999999,0.8823706790208066,-11.762932097919343,-5.649999999999977,0.9941829937505792,-5.649999999999977,-0.581700624942085
2024-10-01 00:00:00+00:00,949.6,-16.039999999999964,0.9833892547947476,-0.016610745205252436,-1.6610745205252435,0.867713844495006,-144.76999999999987,0.8677138444950063,-13.228615550499367,-16.039999999999964,0.9833892547947476,-16.039999999999964,-1.6610745205252435
2024-10-02 00:00:00+00:00,922.28,-27.32000000000005,0.9712299915754001,-0.028770008424599883,-2.877000842459988,0.8427497098787428,-172.08999999999992,0.8427497098787431,-15.725029012125692,-27.32000000000005,0.9712299915754001,-27.32000000000005,-2.877000842459988
2024-10-03 00:00:00+00:00,922.39,0.11000000000001364,1.0001192696361192,0.0001192696361191977,0.011926963611919769,0.8428502243299796,-171.9799999999999,0.8428502243299799,-15.714977567002009,0.11000000000001364,1.0001192696361192,0.11000000000001364,0.011926963611919769
2024-10-04 00:00:00+00:00,931.29,8.899999999999977,1.0096488470169884,0.009648847016988451,0.9648847016988451,0.8509827572027739,-163.07999999999993,0.8509827572027743,-14.901724279722572,8.899999999999977,1.0096488470169884,8.899999999999977,0.9648847016988451
2024-10-07 00:00:00+00:00,916.17,-15.120000000000005,0.9837644557549206,-0.016235544245079413,-1.6235544245079412,0.8371665889964086,-178.19999999999993,0.837166588996409,-16.283341100359106,-15.120000000000005,0.9837644557549206,-15.120000000000005,-1.6235544245079412
2024-10-08 00:00:00+00:00,913.97,-2.199999999999932,0.9975986989314211,-0.002401301068578901,-0.2401301068578901,0.835156299971673,-180.39999999999986,0.8351562999716733,-16.48437000283267,-2.199999999999932,0.9975986989314211,-2.199999999999932,-0.2401301068578901
2024-10-09 00:00:00+00:00,893.19,-20.779999999999973,0.9772640239832817,-0.022735976016718243,-2.2735976016718245,0.8161682063653058,-201.17999999999984,0.8161682063653062,-18.38317936346938,-20.779999999999973,0.9772640239832817,-20.779999999999973,-2.2735976016718245
2024-10-10 00:00:00+00:00,894.64,1.4499999999999318,1.001623394798419,0.0016233947984190728,0.16233947984190727,0.8174931695861543,-199.7299999999999,0.8174931695861547,-18.25068304138453,1.4499999999999318,1.001623394798419,1.4499999999999318,0.16233947984190727
2024-10-11 00:00:00+00:00,903.24,8.600000000000023,1.0096128051506752,0.009612805150675157,0.9612805150675157,0.8253515721373939,-191.12999999999988,0.8253515721373942,-17.464842786260583,8.600000000000023,1.0096128051506752,8.600000000000023,0.9612805150675157
2024-10-14 00:00:00+00:00,909.1,5.860000000000014,1.0064877551924185,0.00648775519241842,0.6487755192418421,0.830706251085099,-185.26999999999987,0.8307062510850993,-16.929374891490067,5.860000000000014,1.0064877551924185,5.860000000000014,0.6487755192418421
2024-10-15 00:00:00+00:00,911.11,2.009999999999991,1.002210977890221,0.0022109778902210876,0.22109778902210878,0.8325429242395166,-183.25999999999988,0.8325429242395169,-16.745707576048307,2.009999999999991,1.002210977890221,2.009999999999991,0.22109778902210878
2024-10-16 00:00:00+00:00,901.58,-9.529999999999973,0.9895402311466234,-0.01045976885337662,-1.045976885337662,0.823834717691457,-192.78999999999985,0.8238347176914573,-17.616528230854268,-9.529999999999973,0.9895402311466234,-9.529999999999973,-1.045976885337662
2024-10-17 00:00:00+00:00,896.12,-5.460000000000036,0.9939439650391535,-0.006056034960846554,-0.6056034960846555,0.8188455458391585,-198.2499999999999,0.8188455458391587,-18.115445416084132,-5.460000000000036,0.9939439650391535,-5.460000000000036,-0.6056034960846555
2024-10-18 00:00:00+00:00,899.12,3.0,1.0033477659242065,0.0033477659242065793,0.33477659242065794,0.821586849054707,-195.2499999999999,0.8215868490547074,-17.841315094529264,3.0,1.0033477659242065,3.0,0.33477659242065794
2024-10-21 00:00:00+00:00,907.34,8.220000000000027,1.0091422724441677,0.009142272444167661,0.9142272444167661,0.8290980198653104,-187.02999999999986,0.8290980198653107,-17.090198013468928,8.220000000000027,1.0091422724441677,8.220000000000027,0.9142272444167661
2024-10-22 00:00:00+00:00,898.57,-8.769999999999982,0.9903343840236295,-0.00966561597637047,-0.966561597637047,0.8210842767985231,-195.79999999999984,0.8210842767985235,-17.891572320147652,-8.769999999999982,0.9903343840236295,-8.769999999999982,-0.966561597637047
2024-10-23 00:00:00+00:00,891.54,-7.030000000000086,0.9921764581501719,-0.007823541849828156,-0.7823541849828155,0.814660489596754,-202.82999999999993,0.8146604895967543,-18.53395104032457,-7.030000000000086,0.9921764581501719,-7.030000000000086,-0.7823541849828155
2024-10-24 00:00:00+00:00,885.22,-6.319999999999936,0.9929111425174418,-0.007088857482558199,-0.7088857482558198,0.8088854774893315,-209.14999999999986,0.8088854774893318,-19.11145225106682,-6.319999999999936,0.9929111425174418,-6.319999999999936,-0.7088857482558198
2024-10-25 00:00:00+00:00,866.98,-18.24000000000001,0.9793949526671336,-0.020605047332866416,-2.0605047332866415,0.7922183539387956,-227.38999999999987,0.7922183539387959,-20.77816460612041,-18.24000000000001,0.9793949526671336,-18.24000000000001,-2.0605047332866415
2024-10-28 00:00:00+00:00,834.31,-32.67000000000007,0.9623174698378277,-0.03768253016217222,-3.768253016217222,0.7623655619214704,-260.05999999999995,0.7623655619214709,-23.763443807852912,-32.67000000000007,0.9623174698378277,-32.67000000000007,-3.768253016217222
2024-10-29 00:00:00+00:00,841.45,7.1400000000001,1.0085579700590908,0.008557970059090866,0.8557970059090866,0.7688898635744763,-252.91999999999985,0.7688898635744768,-23.111013642552326,7.1400000000001,1.0085579700590908,7.1400000000001,0.8557970059090866
2024-10-30 00:00:00+00:00,848.92,7.469999999999914,1.0088775328302335,0.008877532830233422,0.8877532830233422,0.7757157085811925,-245.44999999999993,0.7757157085811929,-22.428429141880713,7.469999999999914,1.0088775328302335,7.469999999999914,0.8877532830233422
2024-10-31 00:00:00+00:00,831.27,-17.649999999999977,0.97920887716157,-0.02079112283842998,-2.079112283842998,0.7595877079963812,-263.0999999999999,0.7595877079963815,-24.041229200361848,-17.649999999999977,0.97920887716157,-17.649999999999977,-2.079112283842998
2024-11-01 00:00:00+00:00,832.4,1.1299999999999955,1.0013593657896953,0.00135936578969528,0.13593657896952802,0.7606202655409046,-261.9699999999999,0.7606202655409049,-23.93797344590951,1.1299999999999955,1.0013593657896953,1.1299999999999955,0.13593657896952802
2024-11-02 00:00:00+00:00,837.81,5.409999999999968,1.0064992791926959,0.006499279192695781,0.6499279192695782,0.7655637490062773,-256.55999999999995,0.7655637490062777,-23.443625099372234,5.409999999999968,1.0064992791926959,5.409999999999968,0.6499279192695782
2024-11-05 00:00:00+00:00,840.6,2.7900000000000773,1.0033301106456118,0.003330110645611866,0.33301106456118656,0.7681131609967377,-253.76999999999987,0.768113160996738,-23.1886839003262,2.7900000000000773,1.0033301106456118,2.7900000000000773,0.33301106456118656
2024-11-06 00:00:00+00:00,854.03,13.42999999999995,1.015976683321437,0.015976683321437007,1.5976683321437006,0.7803850617250104,-240.33999999999992,0.7803850617250108,-21.961493827498924,13.42999999999995,1.015976683321437,13.42999999999995,1.5976683321437006
2024-11-07 00:00:00+00:00,864.26,10.230000000000018,1.0119785019261618,0.011978501926161867,1.1978501926161866,0.7897329056900314,-230.1099999999999,0.7897329056900317,-21.026709430996824,10.230000000000018,1.0119785019261618,10.230000000000018,1.1978501926161866
2024-11-08 00:00:00+00:00,880.52,16.25999999999999,1.0188137828894082,0.01881378288940827,1.881378288940827,0.8045907691183051,-213.8499999999999,0.8045907691183056,-19.540923088169436,16.25999999999999,1.0188137828894082,16.25999999999999,1.881378288940827
2024-11-11 00:00:00+00:00,895.75,15.230000000000018,1.0172965974651342,0.01729659746513426,1.729659746513426,0.8185074517759071,-198.6199999999999,0.8185074517759077,-18.149254822409233,15.230000000000018,1.0172965974651342,15.230000000000018,1.729659746513426
2024-11-12 00:00:00+00:00,886.56,-9.190000000000055,0.9897404409712531,-0.010259559028746921,-1.025955902874692,0.8101099262589431,-207.80999999999995,0.8101099262589435,-18.989007374105647,-9.190000000000055,0.9897404409712531,-9.190000000000055,-1.025955902874692
2024-11-13 00:00:00+00:00,885.18,-1.3799999999999955,0.9984434217650243,-0.001556578234975631,-0.1556578234975631,0.8088489267797907,-209.18999999999994,0.8088489267797911,-19.115107322020886,-1.3799999999999955,0.9984434217650243,-1.3799999999999955,-0.1556578234975631
2024-11-14 00:00:00+00:00,858.19,-26.989999999999895,0.9695090264127071,-0.030490973587292865,-3.0490973587292864,0.7841863355172379,-236.17999999999984,0.7841863355172384,-21.581366448276164,-26.989999999999895,0.9695090264127071,-26.989999999999895,-3.0490973587292864
2024-11-15 00:00:00+00:00,862.94,4.75,1.0055349048578985,0.0055349048578986005,0.55349048578986,0.78852673227519,-231.42999999999984,0.7885267322751904,-21.147326772480955,4.75,1.0055349048578985,4.75,0.55349048578986
2024-11-18 00:00:00+00:00,857.59,-5.350000000000023,0.9938002642130391,-0.006199735786960881,-0.619973578696088,0.7836380748741282,-236.77999999999986,0.7836380748741286,-21.636192512587137,-5.350000000000023,0.9938002642130391,-5.350000000000023,-0.619973578696088
2024-11-19 00:00:00+00:00,828.38,-29.210000000000036,0.9659394349281124,-0.03406056507188754,-3.4060565071887536,0.7569469192320692,-265.9899999999999,0.7569469192320697,-24.305308076793033,-29.210000000000036,0.9659394349281124,-29.210000000000036,-3.4060565071887536
2024-11-20 00:00:00+00:00,816.29,-12.090000000000032,0.9854052487988604,-0.014594751201139611,-1.459475120113961,0.7458994672734081,-278.0799999999999,0.7458994672734085,-25.410053272659148,-12.090000000000032,0.9854052487988604,-12.090000000000032,-1.459475120113961
2024-11-21 00:00:00+00:00,803.7,-12.589999999999918,0.9845765598010512,-0.015423440198948804,-1.5423440198948803,0.7343951314454888,-290.66999999999985,0.7343951314454893,-26.56048685545107,-12.589999999999918,0.9845765598010512,-12.589999999999918,-1.5423440198948803
2024-11-22 00:00:00+00:00,792.67,-11.030000000000086,0.9862759736219981,-0.013724026378001849,-1.3724026378001848,0.7243162732896549,-301.69999999999993,0.7243162732896553,-27.568372671034467,-11.030000000000086,0.9862759736219981,-11.030000000000086,-1.3724026378001848
2024-11-25 00:00:00+00:00,768.11,-24.559999999999945,0.9690161101088726,-0.030983889891127388,-3.0983889891127387,0.7018741376316965,-326.2599999999999,0.7018741376316968,-29.81258623683032,-24.559999999999945,0.9690161101088726,-24.559999999999945,-3.0983889891127387
2024-11-26 00:00:00+00:00,738.93,-29.180000000000064,0.9620106495163452,-0.03798935048365477,-3.7989350483654767,0.675210395021793,-355.43999999999994,0.6752103950217934,-32.478960497820665,-29.180000000000064,0.9620106495163452,-29.180000000000064,-3.7989350483654767
2024-11-27 00:00:00+00:00,726.78,-12.149999999999977,0.9835573058341115,-0.016442694165888484,-1.6442694165888485,0.6641081169988209,-367.5899999999999,0.6641081169988213,-33.58918830011787,-12.149999999999977,0.9835573058341115,-12.149999999999977,-1.6442694165888485
2024-11-28 00:00:00+00:00,732.48,5.7000000000000455,1.0078428135061506,0.00784281350615048,0.784281350615048,0.6693165931083634,-361.8899999999999,0.6693165931083638,-33.06834068916362,5.7000000000000455,1.0078428135061506,5.7000000000000455,0.784281350615048
2024-11-29 00:00:00+00:00,753.78,21.299999999999955,1.0290792922673655,0.029079292267365598,2.90792922673656,0.6887798459387589,-340.5899999999999,0.6887798459387593,-31.12201540612407,21.299999999999955,1.0290792922673655,21.299999999999955,2.90792922673656
2024-12-02 00:00:00+00:00,760.32,6.540000000000077,1.0086762715911806,0.008676271591180553,0.8676271591180553,0.694755886948655,-334.04999999999984,0.6947558869486555,-30.524411305134446,6.540000000000077,1.0086762715911806,6.540000000000077,0.8676271591180553
2024-12-03 00:00:00+00:00,753.42,-6.900000000000091,0.9909248737373736,-0.009075126262626382,-0.9075126262626382,0.6884508895528929,-340.94999999999993,0.6884508895528935,-31.154911044710655,-6.900000000000091,0.9909248737373736,-6.900000000000091,-0.9075126262626382
2024-12-04 00:00:00+00:00,751.2,-2.2199999999999136,0.9970534363303338,-0.002946563669666207,-0.29465636696662073,0.686422325173387,-343.16999999999985,0.6864223251733875,-31.35776748266125,-2.2199999999999136,0.9970534363303338,-2.2199999999999136,-0.29465636696662073
2024-12-05 00:00:00+00:00,765.08,13.879999999999995,1.0184771033013844,0.018477103301384443,1.8477103301384443,0.6991054213839921,-329.28999999999985,0.6991054213839927,-30.08945786160073,13.879999999999995,1.0184771033013844,13.879999999999995,1.8477103301384443
2024-12-06 00:00:00+00:00,803.62,38.539999999999964,1.0503738171171642,0.05037381711716417,5.037381711716417,0.7343220300264073,-290.7499999999999,0.734322030026408,-26.567796997359206,38.539999999999964,1.0503738171171642,38.539999999999964,5.037381711716417
2024-12-09 00:00:00+00:00,815.61,11.990000000000009,1.0149199870585601,0.014919987058560027,1.4919987058560027,0.7452781052112168,-278.7599999999999,0.7452781052112175,-25.47218947887825,11.990000000000009,1.0149199870585601,11.990000000000009,1.4919987058560027
2024-12-10 00:00:00+00:00,794.46,-21.149999999999977,0.9740684886158826,-0.02593151138411738,-2.5931511384117383,0.7259519175415987,-299.90999999999985,0.7259519175415994,-27.404808245840062,-21.149999999999977,0.9740684886158826,-21.149999999999977,-2.5931511384117383
2024-12-11 00:00:00+00:00,766.44,-28.019999999999982,0.9647307605165774,-0.03526923948342268,-3.526923948342268,0.7003481455083742,-327.92999999999984,0.7003481455083748,-29.965185449162522,-28.019999999999982,0.9647307605165774,-28.019999999999982,-3.526923948342268
2024-12-12 00:00:00+00:00,755.39,-11.050000000000068,0.9855826940138823,-0.014417305986117722,-1.4417305986117723,0.69025101199777,-338.9799999999999,0.6902510119977705,-30.97489880022295,-11.050000000000068,0.9855826940138823,-11.050000000000068,-1.4417305986117723
2024-12-13 00:00:00+00:00,756.93,1.5399999999999636,1.0020386820053218,0.002038682005321706,0.2038682005321706,0.6916582143150849,-337.43999999999994,0.6916582143150855,-30.834178568491456,1.5399999999999636,1.0020386820053218,1.5399999999999636,0.2038682005321706
2024-12-16 00:00:00+00:00,740.87,-16.059999999999945,0.9787827143857425,-0.021217285614257522,-2.121728561425752,0.6769831044345144,-353.4999999999999,0.6769831044345149,-32.30168955654851,-16.059999999999945,0.9787827143857425,-16.059999999999945,-2.121728561425752
2024-12-17 00:00:00+00:00,727.06,-13.81000000000006,0.9813597527231497,-0.01864024727685027,-1.864024727685027,0.6643639719656053,-367.30999999999995,0.6643639719656058,-33.563602803439416,-13.81000000000006,0.9813597527231497,-13.81000000000006,-1.864024727685027
2024-12-18 00:00:00+00:00,738.5,11.440000000000055,1.0157346023711937,0.01573460237119365,1.573460237119365,0.6748174748942309,-355.8699999999999,0.6748174748942315,-32.51825251057685,11.440000000000055,1.0157346023711937,11.440000000000055,1.573460237119365
2024-12-19 00:00:00+00:00,736.06,-2.4400000000000546,0.9966960054163845,-0.0033039945836155107,-0.33039945836155105,0.6725878816122512,-358.30999999999995,0.6725878816122518,-32.74121183877482,-2.4400000000000546,0.9966960054163845,-2.4400000000000546,-0.33039945836155105
2024-12-20 00:00:00+00:00,812.12,76.06000000000006,1.1033339673396192,0.10333396733961914,10.333396733961914,0.7420890558037953,-282.2499999999999,0.7420890558037959,-25.791094419620407,76.06000000000006,1.1033339673396192,76.06000000000006,10.333396733961914
2024-12-23 00:00:00+00:00,837.82,25.700000000000045,1.0316455696202531,0.03164556962025322,3.164556962025322,0.7655728866836623,-256.54999999999984,0.7655728866836629,-23.442711331633713,25.700000000000045,1.0316455696202531,25.700000000000045,3.164556962025322
2024-12-24 00:00:00+00:00,848.79,10.969999999999914,1.0130935045713876,0.013093504571387546,1.3093504571387546,0.7755969187751852,-245.57999999999993,0.7755969187751858,-22.440308122481422,10.969999999999914,1.0130935045713876,10.969999999999914,1.3093504571387546
2024-12-25 00:00:00+00:00,864.25,15.460000000000036,1.0182141636918438,0.018214163691843727,1.8214163691843726,0.7897237680126461,-230.1199999999999,0.7897237680126467,-21.027623198735334,15.460000000000036,1.0182141636918438,15.460000000000036,1.8214163691843726
2024-12-26 00:00:00+00:00,878.3,14.049999999999955,1.0162568701185999,0.01625687011859989,1.625687011859989,0.802562204738799,-216.06999999999994,0.8025622047387996,-19.743779526120043,14.049999999999955,1.0162568701185999,14.049999999999955,1.625687011859989
2024-12-27 00:00:00+00:00,864.09,-14.209999999999923,0.9838210178754413,-0.01617898212455872,-1.6178982124558718,0.7895775651744835,-230.27999999999986,0.7895775651744841,-21.04224348255159,-14.209999999999923,0.9838210178754413,-14.209999999999923,-1.6178982124558718
2024-12-28 00:00:00+00:00,863.36,-0.7300000000000182,0.999155180594614,-0.000844819405386034,-0.0844819405386034,0.7889105147253667,-231.00999999999988,0.7889105147253672,-21.108948527463276,-0.7300000000000182,0.999155180594614,-0.7300000000000182,-0.0844819405386034
2024-12-30 00:00:00+00:00,893.22,29.860000000000014,1.034585804299481,0.03458580429948111,3.4585804299481113,0.8161956193974611,-201.14999999999986,0.8161956193974617,-18.380438060253834,29.860000000000014,1.034585804299481,29.860000000000014,3.4585804299481113
2025-01-03 00:00:00+00:00,876.32,-16.899999999999977,0.9810796892143033,-0.018920310785696667,-1.8920310785696666,0.8007529446165369,-218.04999999999984,0.8007529446165375,-19.924705538346256,-16.899999999999977,0.9810796892143033,-16.899999999999977,-1.8920310785696666
2025-01-06 00:00:00+00:00,872.53,-3.7900000000000773,0.9956750958553952,-0.004324904144604799,-0.43249041446047987,0.7972897648875603,-221.83999999999992,0.797289764887561,-20.271023511243904,-3.7900000000000773,0.9956750958553952,-3.7900000000000773,-0.43249041446047987
2025-01-08 00:00:00+00:00,880.13,7.600000000000023,1.0087103022245654,0.008710302224565371,0.8710302224565372,0.8042343997002837,-214.2399999999999,0.8042343997002842,-19.576560029971578,7.600000000000023,1.0087103022245654,7.600000000000023,0.8710302224565372
2025-01-09 00:00:00+00:00,854.03,-26.100000000000023,0.9703452899003556,-0.029654710099644398,-2.96547100996444,0.7803850617250102,-240.33999999999992,0.7803850617250108,-21.961493827498924,-26.100000000000023,0.9703452899003556,-26.100000000000023,-2.96547100996444
2025-01-10 00:00:00+00:00,873.09,19.06000000000006,1.0223177171762117,0.022317717176211678,2.231771717621168,0.7978014748211295,-221.27999999999986,0.7978014748211301,-20.219852517886995,19.06000000000006,1.0223177171762117,19.06000000000006,2.231771717621168
2025-01-13 00:00:00+00:00,879.08,5.990000000000009,1.0068606901923054,0.0068606901923055,0.68606901923055,0.8032749435748416,-215.28999999999985,0.8032749435748423,-19.67250564251577,5.990000000000009,1.0068606901923054,5.990000000000009,0.68606901923055
2025-01-14 00:00:00+00:00,870.87,-8.210000000000036,0.9906606907221185,-0.009339309277881463,-0.9339309277881463,0.7957729104416233,-223.4999999999999,0.795772910441624,-20.4227089558376,-8.210000000000036,0.9906606907221185,-8.210000000000036,-0.9339309277881463
2025-01-15 00:00:00+00:00,871.13,0.2599999999999909,1.00029855202269,0.0002985520226899433,0.029855202268994328,0.7960104900536376,-223.2399999999999,0.7960104900536382,-20.398950994636177,0.2599999999999909,1.00029855202269,0.2599999999999909,0.029855202268994328
2025-01-16 00:00:00+00:00,895.83,24.700000000000045,1.0283539770183556,0.02835397701835552,2.8353977018355523,0.8185805531949883,-198.53999999999985,0.818580553194989,-18.141944680501098,24.700000000000045,1.0283539770183556,24.700000000000045,2.8353977018355523
2025-01-17 00:00:00+00:00,906.03,10.199999999999932,1.0113860888784703,0.011386088878470169,1.1386088878470169,0.8279009841278538,-188.33999999999992,0.8279009841278544,-17.20990158721456,10.199999999999932,1.0113860888784703,10.199999999999932,1.1386088878470169
2025-01-20 00:00:00+00:00,905.15,-0.8799999999999955,0.999028729733011,-0.0009712702669889468,-0.09712702669889468,0.8270968685179596,-189.2199999999999,0.8270968685179602,-17.290313148203985,-0.8799999999999955,0.999028729733011,-0.8799999999999955,-0.09712702669889468
2025-01-21 00:00:00+00:00,925.16,20.00999999999999,1.0221068331215821,0.02210683312158205,2.210683312158205,0.8453813609656693,-169.20999999999992,0.8453813609656698,-15.461863903433015,20.00999999999999,1.0221068331215821,20.00999999999999,2.210683312158205
2025-01-22 00:00:00+00:00,952.82,27.660000000000082,1.02989753123784,0.02989753123784003,2.989753123784003,0.8706561766130281,-141.54999999999984,0.8706561766130286,-12.934382338697137,27.660000000000082,1.02989753123784,27.660000000000082,2.989753123784003
2025-01-23 00:00:00+00:00,930.18,-22.6400000000001,0.9762389538422787,-0.023761046157721396,-2.3761046157721397,0.8499684750130208,-164.18999999999994,0.8499684750130212,-15.00315249869788,-22.6400000000001,0.9762389538422787,-22.6400000000001,-2.3761046157721397
2025-01-24 00:00:00+00:00,945.07,14.8900000000001,1.0160076544324756,0.016007654432475545,1.6007654432475544,0.8635744766395275,-149.29999999999984,0.8635744766395279,-13.64255233604721,14.8900000000001,1.0160076544324756,14.8900000000001,1.6007654432475544
2025-01-27 00:00:00+00:00,937.74,-7.330000000000041,0.992243960764811,-0.007756039235188971,-0.7756039235188971,0.8568765591162035,-156.62999999999988,0.856876559116204,-14.312344088379604,-7.330000000000041,0.992243960764811,-7.330000000000041,-0.7756039235188971
2025-01-28 00:00:00+00:00,942.81,5.069999999999936,1.005406615906328,0.005406615906327912,0.5406615906327912,0.8615093615504807,-151.55999999999995,0.8615093615504812,-13.849063844951882,5.069999999999936,1.005406615906328,5.069999999999936,0.5406615906327912
2025-01-29 00:00:00+00:00,948.38,5.57000000000005,1.0059078711511333,0.005907871151133367,0.5907871151133367,0.8665990478540161,-145.9899999999999,0.8665990478540165,-13.340095214598346,5.57000000000005,1.0059078711511333,5.57000000000005,0.5907871151133367
2025-01-30 00:00:00+00:00,953.84,5.460000000000036,1.005757185938126,0.005757185938126106,0.5757185938126106,0.8715882197063146,-140.52999999999986,0.8715882197063152,-12.841178029368482,5.460000000000036,1.005757185938126,5.460000000000036,0.5757185938126106
2025-01-31 00:00:00+00:00,949.5,-4.340000000000032,0.9954499706449719,-0.00455002935502813,-0.455002935502813,0.8676224677211541,-144.8699999999999,0.8676224677211547,-13.23775322788453,-4.340000000000032,0.9954499706449719,-4.340000000000032,-0.455002935502813
2025-02-03 00:00:00+00:00,922.33,-27.16999999999996,0.9713849394418115,-0.028615060558188476,-2.8615060558188476,0.8427953982656684,-172.03999999999985,0.842795398265669,-15.720460173433104,-27.16999999999996,0.9713849394418115,-27.16999999999996,-2.8615060558188476
2025-02-04 00:00:00+00:00,932.82,10.490000000000009,1.0113733696182494,0.011373369618249442,1.1373369618249443,0.8523808218427036,-161.54999999999984,0.8523808218427041,-14.761917815729586,10.490000000000009,1.0113733696182494,10.490000000000009,1.1373369618249443
2025-02-05 00:00:00+00:00,941.5,8.67999999999995,1.009305117814798,0.009305117814798085,0.9305117814798085,0.8603123258130243,-152.8699999999999,0.860312325813025,-13.968767418697503,8.67999999999995,1.009305117814798,8.67999999999995,0.9305117814798085
2025-02-06 00:00:00+00:00,965.48,23.980000000000018,1.0254699946893255,0.025469994689325565,2.5469994689325564,0.8822244761826433,-128.88999999999987,0.882224476182644,-11.777552381735601,23.980000000000018,1.0254699946893255,23.980000000000018,2.5469994689325564
2025-02-07 00:00:00+00:00,960.69,-4.789999999999964,0.9950387372084353,-0.00496126279156478,-0.496126279156478,0.8778475287151507,-133.67999999999984,0.8778475287151514,-12.215247128484863,-4.789999999999964,0.9950387372084353,-4.789999999999964,-0.496126279156478
2025-02-10 00:00:00+00:00,980.52,19.829999999999927,1.0206414139836992,0.02064141398369914,2.064141398369914,0.8959675429699274,-113.84999999999991,0.895967542969928,-10.403245703007203,19.829999999999927,1.0206414139836992,19.829999999999927,2.064141398369914
2025-02-11 00:00:00+00:00,992.4,11.879999999999995,1.0121160200709827,0.012116020070982739,1.2116020070982738,0.9068231037035,-101.96999999999991,0.9068231037035007,-9.317689629649928,11.879999999999995,1.0121160200709827,11.879999999999995,1.2116020070982738
2025-02-12 00:00:00+00:00,1013.46,21.06000000000006,1.0212212817412334,0.021221281741233434,2.1221281741233433,0.9260670522766518,-80.90999999999985,0.9260670522766524,-7.393294772334757,21.06000000000006,1.0212212817412334,21.06000000000006,2.1221281741233433
2025-02-13 00:00:00+00:00,1109.8,96.33999999999992,1.09506048586032,0.09506048586032001,9.506048586032001,1.0140994362053048,15.430000000000064,1.0140994362053053,1.4099436205305294,96.33999999999992,1.09506048586032,96.33999999999992,9.506048586032001
2025-02-14 00:00:00+00:00,1111.0,1.2000000000000455,1.0010812759055685,0.0010812759055686119,0.10812759055686119,1.0151959574915241,16.63000000000011,1.0151959574915248,1.5195957491524803,1.2000000000000455,1.0010812759055685,1.2000000000000455,0.10812759055686119
2025-02-17 00:00:00+00:00,1139.85,28.84999999999991,1.025967596759676,0.025967596759675887,2.5967596759675886,1.0415581567477172,45.48000000000002,1.041558156747718,4.15581567477179,28.84999999999991,1.025967596759676,28.84999999999991,2.5967596759675886
2025-02-18 00:00:00+00:00,1123.91,-15.939999999999827,0.9860157038206783,-0.01398429617932169,-1.398429617932169,1.0269926989957687,29.54000000000019,1.0269926989957694,2.6992698995769393,-15.939999999999827,0.9860157038206783,-15.939999999999827,-1.398429617932169
2025-02-19 00:00:00+00:00,1139.4,15.490000000000009,1.0137822423503662,0.013782242350366139,1.3782242350366138,1.041146961265385,45.0300000000002,1.0411469612653859,4.114696126538586,15.490000000000009,1.0137822423503662,15.490000000000009,1.3782242350366138
2025-02-20 00:00:00+00:00,1171.89,32.49000000000001,1.028515007898894,0.02851500789889416,2.851500789889416,1.070835275089777,77.52000000000021,1.0708352750897778,7.083527508977783,32.49000000000001,1.028515007898894,32.49000000000001,2.851500789889416
2025-02-21 00:00:00+00:00,1173.12,1.2299999999997908,1.0010495865652917,0.0010495865652917857,0.10495865652917857,1.0719592094081516,78.75,1.0719592094081527,7.19592094081527,1.2299999999997908,1.0010495865652917,1.2299999999997908,0.10495865652917857
2025-02-24 00:00:00+00:00,1179.86,6.740000000000009,1.0057453627932351,0.005745362793235142,0.5745362793235143,1.078118003965751,85.49000000000001,1.078118003965752,7.811800396575208,6.740000000000009,1.0057453627932351,6.740000000000009,0.5745362793235143
2025-02-25 00:00:00+00:00,1209.49,29.63000000000011,1.0251131490176801,0.025113149017680157,2.511314901768016,1.1051929420579867,115.12000000000012,1.1051929420579878,10.51929420579878,29.63000000000011,1.0251131490176801,29.63000000000011,2.511314901768016
2025-02-26 00:00:00+00:00,1201.02,-8.470000000000027,0.9929970483426899,-0.0070029516573101285,-0.7002951657310128,1.0974533293127542,106.65000000000009,1.0974533293127553,9.74533293127553,-8.470000000000027,0.9929970483426899,-8.470000000000027,-0.7002951657310128
2025-02-27 00:00:00+00:00,1161.23,-39.789999999999964,0.9668698273134503,-0.03313017268654973,-3.3130172686549733,1.0610945109971937,66.86000000000013,1.0610945109971948,6.109451099719476,-39.789999999999964,0.9668698273134503,-39.789999999999964,-3.3130172686549733
2025-02-28 00:00:00+00:00,1142.37,-18.860000000000127,0.9837586007939856,-0.01624139920601442,-1.6241399206014422,1.0438608514487775,48.0,1.0438608514487788,4.386085144877883,-18.860000000000127,0.9837586007939856,-18.860000000000127,-1.6241399206014422
2025-03-03 00:00:00+00:00,1110.34,-32.02999999999997,0.971961798716703,-0.028038201283296985,-2.8038201283296984,1.0145928707841028,15.970000000000027,1.014592870784104,1.4592870784104095,-32.02999999999997,0.971961798716703,-32.02999999999997,-2.8038201283296984
2025-03-04 00:00:00+00:00,1144.25,33.91000000000008,1.0305401948952573,0.030540194895257385,3.0540194895257384,1.0455787347971879,49.88000000000011,1.0455787347971894,4.5578734797189435,33.91000000000008,1.0305401948952573,33.91000000000008,3.0540194895257384
2025-03-05 00:00:00+00:00,1145.05,0.7999999999999545,1.0006991479134804,0.000699147913480406,0.0699147913480406,1.0463097489880007,50.680000000000064,1.0463097489880022,4.630974898800222,0.7999999999999545,1.0006991479134804,0.7999999999999545,0.0699147913480406
2025-03-06 00:00:00+00:00,1128.13,-16.919999999999845,0.9852233526920223,-0.014776647307977684,-1.4776647307977684,1.0308487988523063,33.76000000000022,1.0308487988523078,3.0848798852307846,-16.919999999999845,0.9852233526920223,-16.919999999999845,-1.4776647307977684
2025-03-07 00:00:00+00:00,1119.23,-8.900000000000091,0.9921108382899133,-0.007889161710086683,-0.7889161710086683,1.022716265979512,24.860000000000127,1.0227162659795135,2.2716265979513484,-8.900000000000091,0.9921108382899133,-8.900000000000091,-0.7889161710086683
2025-03-10 00:00:00+00:00,1140.8,21.569999999999936,1.019272178193937,0.019272178193936847,1.9272178193936846,1.0424262360993068,46.430000000000064,1.0424262360993084,4.24262360993084,21.569999999999936,1.019272178193937,21.569999999999936,1.9272178193936846
2025-03-11 00:00:00+00:00,1164.84,24.039999999999964,1.0210729312762974,0.021072931276297304,2.10729312762973,1.064393212533237,70.47000000000003,1.0643932125332383,6.439321253323826,24.039999999999964,1.0210729312762974,24.039999999999964,2.10729312762973
2025-03-12 00:00:00+00:00,1157.95,-6.889999999999873,0.9940850245527284,-0.005914975447271619,-0.591497544727162,1.0580973528148603,63.580000000000155,1.0580973528148616,5.809735281486161,-6.889999999999873,0.9940850245527284,-6.889999999999873,-0.591497544727162
2025-03-13 00:00:00+00:00,1135.27,-22.680000000000064,0.9804136620752191,-0.019586337924780917,-1.9586337924780917,1.0373731005053122,40.90000000000009,1.0373731005053137,3.7373100505313728,-22.680000000000064,0.9804136620752191,-22.680000000000064,-1.9586337924780917
2025-03-14 00:00:00+00:00,1176.26,40.99000000000001,1.0361059483647062,0.0361059483647062,3.61059483647062,1.074828440107092,81.8900000000001,1.0748284401070938,7.482844010709377,40.99000000000001,1.0361059483647062,40.99000000000001,3.61059483647062
2025-03-17 00:00:00+00:00,1212.61,36.34999999999991,1.030903031642664,0.03090303164266396,3.090303164266396,1.1080438974021567,118.24000000000001,1.1080438974021583,10.804389740215825,36.34999999999991,1.030903031642664,36.34999999999991,3.090303164266396
2025-03-18 00:00:00+00:00,1259.09,46.48000000000002,1.0383305432084513,0.03833054320845121,3.833054320845121,1.1505158218883909,164.72000000000003,1.1505158218883924,15.051582188839241,46.48000000000002,1.0383305432084513,46.48000000000002,3.833054320845121
2025-03-19 00:00:00+00:00,1228.09,-31.0,0.9753790435949773,-0.024620956405022678,-2.462095640502268,1.122189021994388,133.72000000000003,1.1221890219943895,12.218902199438952,-31.0,0.9753790435949773,-31.0,-2.462095640502268
2025-03-20 00:00:00+00:00,1203.1,-24.99000000000001,0.9796513284856972,-0.020348671514302707,-2.0348671514302707,1.0993539662088676,108.73000000000002,1.0993539662088692,9.935396620886916,-24.99000000000001,0.9796513284856972,-24.99000000000001,-2.0348671514302707
2025-03-21 00:00:00+00:00,1187.89,-15.209999999999809,0.9873576593799354,-0.012642340620064675,-1.2642340620064676,1.0854555589060362,93.52000000000021,1.0854555589060375,8.545555890603751,-15.209999999999809,0.9873576593799354,-15.209999999999809,-1.2642340620064676
2025-03-24 00:00:00+00:00,1193.88,5.990000000000009,1.005042554445277,0.005042554445276927,0.5042554445276927,1.0909290276597485,99.51000000000022,1.0909290276597496,9.092902765974964,5.990000000000009,1.005042554445277,5.990000000000009,0.5042554445276927
2025-03-25 00:00:00+00:00,1184.1,-9.7800000000002,0.9918082219318523,-0.008191778068147719,-0.8191778068147718,1.0819923791770596,89.73000000000002,1.0819923791770607,8.199237917706071,-9.7800000000002,0.9918082219318523,-9.7800000000002,-0.8191778068147718
2025-03-26 00:00:00+00:00,1177.05,-7.0499999999999545,0.9940461109703572,-0.005953889029642729,-0.5953889029642728,1.0755503166205203,82.68000000000006,1.0755503166205214,7.555031662052136,-7.0499999999999545,0.9940461109703572,-7.0499999999999545,-0.5953889029642728
2025-03-27 00:00:00+00:00,1158.86,-18.190000000000055,0.9845461110403126,-0.015453888959687401,-1.54538889596874,1.0589288814569102,64.49000000000001,1.0589288814569113,5.892888145691133,-18.190000000000055,0.9845461110403126,-18.190000000000055,-1.54538889596874
2025-03-28 00:00:00+00:00,1139.02,-19.839999999999918,0.982879726627893,-0.017120273372107003,-1.7120273372107002,1.0407997295247484,44.65000000000009,1.0407997295247495,4.079972952474953,-19.839999999999918,0.982879726627893,-19.839999999999918,-1.7120273372107002
2025-03-31 00:00:00+00:00,1110.31,-28.710000000000036,0.9747941212621376,-0.025205878737862404,-2.5205878737862406,1.0145654577519476,15.940000000000055,1.0145654577519487,1.456545775194873,-28.710000000000036,0.9747941212621376,-28.710000000000036,-2.5205878737862406
2025-04-01 00:00:00+00:00,1100.33,-9.980000000000018,0.9910115193054192,-0.00898848069458081,-0.8988480694580809,1.0054460557215557,5.960000000000036,1.0054460557215568,0.5446055721556764,-9.980000000000018,0.9910115193054192,-9.980000000000018,-0.8988480694580809
